approved,drug_id,experimental,illicit,investigational,name,nutraceutical,smile,vet_approved,withdrawn
1,DB00006,0,0,1,Bivalirudin,0,CC[C@H](C)[C@H](NC(=O)[C@H](CCC(O)=O)NC(=O)[C@H](CCC(O)=O)NC(=O)[C@H](CC1=CC=CC=C1)NC(=O)[C@H](CC(O)=O)NC(=O)CNC(=O)[C@H](CC(N)=O)NC(=O)CNC(=O)CNC(=O)CNC(=O)CNC(=O)[C@@H]1CCCN1C(=O)[C@H](CCCNC(N)=N)NC(=O)[C@@H]1CCCN1C(=O)[C@H](N)CC1=CC=CC=C1)C(=O)N1CCC[C@H]1C(=O)N[C@@H](CCC(O)=O)C(=O)N[C@@H](CCC(O)=O)C(=O)N[C@@H](CC1=CC=C(O)C=C1)C(=O)N[C@@H](CC(C)C)C(O)=O,0,0
1,DB00014,0,0,0,Goserelin,0,CC(C)C[C@H](NC(=O)[C@@H](COC(C)(C)C)NC(=O)[C@H](CC1=CC=C(O)C=C1)NC(=O)[C@H](CO)NC(=O)[C@H](CC1=CNC2=CC=CC=C12)NC(=O)[C@H](CC1=CN=CN1)NC(=O)[C@@H]1CCC(=O)N1)C(=O)N[C@@H](CCCN=C(N)N)C(=O)N1CCC[C@H]1C(=O)NNC(N)=O,0,0
1,DB00027,0,0,0,Gramicidin D,0,CC(C)C[C@@H](NC(=O)CNC(=O)[C@@H](NC=O)C(C)C)C(=O)N[C@@H](C)C(=O)N[C@H](C(C)C)C(=O)N[C@@H](C(C)C)C(=O)N[C@H](C(C)C)C(=O)N[C@@H](CC1=CNC2=C1C=CC=C2)C(=O)N[C@H](CC(C)C)C(=O)N[C@@H](CC1=CNC2=C1C=CC=C2)C(=O)N[C@H](CC(C)C)C(=O)N[C@@H](CC1=CNC2=C1C=CC=C2)C(=O)N[C@H](CC(C)C)C(=O)N[C@@H](CC1=CNC2=C1C=CC=C2)C(=O)NCCO,0,0
1,DB00035,0,0,0,Desmopressin,0,NC(=O)CC[C@@H]1NC(=O)[C@H](CC2=CC=CC=C2)NC(=O)[C@H](CC2=CC=C(O)C=C2)NC(=O)CCSSC[C@H](NC(=O)[C@H](CC(N)=O)NC1=O)C(=O)N1CCC[C@H]1C(=O)N[C@H](CCCNC(N)=N)C(=O)NCC(N)=O,0,0
1,DB00050,0,0,1,Cetrorelix,0,CC(C)C[C@H](NC(=O)[C@@H](CCCNC(N)=O)NC(=O)[C@H](CC1=CC=C(O)C=C1)NC(=O)[C@H](CO)NC(=O)[C@@H](CC1=CN=CC=C1)NC(=O)[C@@H](CC1=CC=C(Cl)C=C1)NC(=O)[C@@H](CC1=CC2=CC=CC=C2C=C1)NC(C)=O)C(=O)N[C@@H](CCCNC(N)=N)C(=O)N1CCC[C@H]1C(=O)N[C@H](C)C(N)=O,0,0
1,DB00080,0,0,1,Daptomycin,0,CCCCCCCCCC(=O)N[C@@H](CC1=CNC2=C1C=CC=C2)C(=O)N[C@@H](CC(N)=O)C(=O)N[C@@H](CC(O)=O)C(=O)N[C@H]1[C@@H](C)OC(=O)[C@H](CC(=O)C2=C(N)C=CC=C2)NC(=O)[C@@H](NC(=O)[C@@H](CO)NC(=O)CNC(=O)[C@H](CC(O)=O)NC(=O)[C@@H](C)NC(=O)[C@H](CC(O)=O)NC(=O)[C@H](CCCN)NC(=O)CNC1=O)[C@H](C)CC(O)=O,0,0
1,DB00091,0,0,1,Ciclosporin,0,CC[C@@H]1NC(=O)[C@H]([C@H](O)[C@H](C)C\C=C\C)N(C)C(=O)[C@H](C(C)C)N(C)C(=O)[C@H](CC(C)C)N(C)C(=O)[C@H](CC(C)C)N(C)C(=O)[C@@H](C)NC(=O)[C@H](C)NC(=O)[C@H](CC(C)C)N(C)C(=O)[C@@H](NC(=O)[C@H](CC(C)C)N(C)C(=O)CN(C)C1=O)C(C)C,1,0
0,DB00093,1,0,0,Felypressin,0,NCCCC[C@H](NC(=O)[C@@H]1CCCN1C(=O)[C@@H]1CSSC[C@H](N)C(=O)N[C@@H](CC2=CC=CC=C2)C(=O)N[C@@H](CC2=CC=CC=C2)C(=O)N[C@@H](CCC(N)=O)C(=O)N[C@@H](CC(N)=O)C(=O)N1)C(=O)NCC(N)=O,0,0
1,DB00104,0,0,1,Octreotide,0,[H][C@]1(NC(=O)[C@H](CCCCN)NC(=O)[C@@H](CC2=CNC3=C2C=CC=C3)NC(=O)[C@H](CC2=CC=CC=C2)NC(=O)[C@H](CSSC[C@H](NC1=O)C(=O)N[C@H](CO)[C@@H](C)O)NC(=O)[C@H](N)CC1=CC=CC=C1)[C@@H](C)O,0,0
1,DB00106,0,0,1,Abarelix,0,CC(C)C[C@H](NC(=O)[C@@H](CC(N)=O)NC(=O)[C@H](CC1=CC=C(O)C=C1)N(C)C(=O)[C@H](CO)NC(=O)[C@@H](CC1=CN=CC=C1)NC(=O)[C@@H](CC1=CC=C(Cl)C=C1)NC(=O)[C@@H](CC1=CC2=C(C=CC=C2)C=C1)NC(C)=O)C(=O)N[C@@H](CCCCNC(C)C)C(=O)N1CCC[C@H]1C(=O)N[C@H](C)C(N)=O,0,1
1,DB00114,0,0,1,Pyridoxal phosphate,1,CC1=NC=C(COP(O)(O)=O)C(C=O)=C1O,0,0
1,DB00115,0,0,0,Cyanocobalamin,1,[C@H]1([C@@H]2[C@H]([C@@H](N3C4=CC(=C(C)C=C4[N+]([Co-3]456(N7C8=C(C9=[N+]4C(C([C@@H]9CCC(N)=O)(C)C)=CC4=[N+]5C(=C(C5=[N+]6[C@@]([C@]7([C@@H]([C@@]8(C)CCC(=O)NC[C@@]([H])(C)OP([O-])(=O)O2)CC(N)=O)[H])([C@@]([C@@H]5CCC(N)=O)(C)CC(N)=O)C)C)[C@@]([C@@H]4CCC(N)=O)(C)CC(N)=O)C)C#N)=C3)C)O1)O)CO,0,0
0,DB00116,0,0,0,Tetrahydrofolic acid,1,NC1=NC(=O)C2=C(NCC(CNC3=CC=C(C=C3)C(=O)N[C@@H](CCC(O)=O)C(O)=O)N2)N1,0,0
1,DB00117,0,0,0,Histidine,1,N[C@@H](CC1=CN=CN1)C(O)=O,0,0
1,DB00118,0,0,1,Ademetionine,1,[H][C@](N)(CC[S+](C)C[C@@]1([H])O[C@@]([H])(N2C=NC3=C(N)N=CN=C23)[C@]([H])(O)[C@]1([H])O)C([O-])=O,0,0
1,DB00119,0,0,1,Pyruvic acid,1,CC(=O)C(O)=O,0,0
1,DB00120,0,0,1,L-Phenylalanine,1,N[C@@H](CC1=CC=CC=C1)C(O)=O,0,0
1,DB00121,0,0,1,Biotin,1,[H][C@]12CS[C@@H](CCCCC(O)=O)[C@@]1([H])NC(=O)N2,0,0
1,DB00122,0,0,0,Choline,1,C[N+](C)(C)CCO,0,0
1,DB00123,0,0,0,L-Lysine,1,NCCCC[C@H](N)C(O)=O,0,0
1,DB00125,0,0,0,L-Arginine,1,N[C@@H](CCCNC(N)=N)C(O)=O,0,0
1,DB00126,0,0,0,Ascorbic acid,1,[H][C@@]1(OC(=O)C(O)=C1O)[C@@H](O)CO,0,0
0,DB00127,1,0,0,Spermine,1,NCCCNCCCCNCCCN,0,0
1,DB00128,0,0,0,Aspartic acid,1,N[C@@H](CC(O)=O)C(O)=O,0,0
1,DB00129,0,0,0,Ornithine,1,NCCC[C@H](N)C(O)=O,0,0
1,DB00130,0,0,1,L-Glutamine,1,N[C@@H](CCC(N)=O)C(O)=O,0,0
1,DB00131,0,0,1,Adenosine phosphate,1,NC1=C2N=CN([C@@H]3O[C@H](COP(O)(O)=O)[C@@H](O)[C@H]3O)C2=NC=N1,0,0
1,DB00132,0,0,1,Alpha-Linolenic Acid,1,CC\C=C/C\C=C/C\C=C/CCCCCCCC(O)=O,0,0
1,DB00133,0,0,0,Serine,1,N[C@@H](CO)C(O)=O,0,0
1,DB00134,0,0,0,Methionine,1,CSCC[C@H](N)C(O)=O,0,0
1,DB00135,0,0,1,Tyrosine,1,N[C@@H](CC1=CC=C(O)C=C1)C(O)=O,0,0
1,DB00136,0,0,0,Calcitriol,1,C[C@H](CCCC(C)(C)O)[C@@]1([H])CC[C@@]2([H])\C(CCC[C@]12C)=C\C=C1\C[C@@H](O)C[C@H](O)C1=C,0,0
1,DB00137,0,0,1,Lutein,1,C\C(\C=C\C=C(/C)\C=C\[C@H]1C(C)=C[C@H](O)CC1(C)C)=C/C=C/C=C(\C)/C=C/C=C(\C)/C=C/C1=C(C)C[C@@H](O)CC1(C)C,0,0
1,DB00138,0,0,0,Cystine,1,N[C@@H](CSSC[C@H](N)C(O)=O)C(O)=O,0,0
1,DB00139,0,0,0,Succinic acid,1,OC(=O)CCC(O)=O,0,0
1,DB00140,0,0,1,Riboflavin,1,CC1=C(C)C=C2N(C[C@H](O)[C@H](O)[C@H](O)CO)C3=NC(=O)NC(=O)C3=NC2=C1,1,0
1,DB00141,0,0,1,N-Acetylglucosamine,1,[H]C(=O)[C@H](NC(C)=O)[C@@H](O)[C@H](O)[C@H](O)CO,0,0
1,DB00142,0,0,0,Glutamic Acid,1,N[C@@H](CCC(O)=O)C(O)=O,0,0
1,DB00143,0,0,1,Glutathione,1,N[C@@H](CCC(=O)N[C@@H](CS)C(=O)NCC(O)=O)C(O)=O,0,0
1,DB00144,0,0,1,Phosphatidyl serine,1,CCCC(=O)O[C@H](COC(=O)CC)COP(O)(=O)OC[C@H](N)C(O)=O,0,0
1,DB00145,0,0,0,Glycine,1,NCC(O)=O,1,0
1,DB00146,0,0,0,Calcifediol,1,C[C@H](CCCC(C)(C)O)[C@@]1([H])CC[C@@]2([H])\C(CCC[C@]12C)=C\C=C1\C[C@@H](O)CCC1=C,0,0
0,DB00147,1,0,0,Pyridoxal,1,CC1=NC=C(CO)C(C=O)=C1O,0,0
1,DB00148,0,0,1,Creatine,1,CN(CC(O)=O)C(N)=N,0,0
1,DB00149,0,0,0,L-Leucine,1,CC(C)C[C@H](N)C(O)=O,0,0
1,DB00150,0,0,0,L-Tryptophan,1,N[C@@H](CC1=CNC2=CC=CC=C12)C(O)=O,0,1
1,DB00151,0,0,0,L-Cysteine,1,N[C@@H](CS)C(O)=O,0,0
1,DB00152,0,0,1,Thiamine,1,CC1=C(CCO)SC=[N+]1CC1=CN=C(C)N=C1N,1,0
1,DB00153,0,0,0,Ergocalciferol,1,CC(C)[C@@H](C)\C=C\[C@@H](C)[C@@]1([H])CC[C@@]2([H])\C(CCC[C@]12C)=C\C=C1\C[C@@H](O)CCC1=C,0,0
0,DB00154,0,0,1,Dihomo-gamma-linolenic acid,1,CCCCC\C=C/C\C=C/C\C=C/CCCCCCC(O)=O,0,0
1,DB00155,0,0,1,L-Citrulline,1,N[C@@H](CCCNC(N)=O)C(O)=O,0,0
1,DB00156,0,0,0,L-Threonine,1,C[C@@H](O)[C@H](N)C(O)=O,0,0
1,DB00157,0,0,0,NADH,1,NC(=O)C1=CN(C=CC1)[C@@H]1O[C@H](CO[P@](O)(=O)O[P@](O)(=O)OC[C@H]2O[C@H]([C@H](O)[C@@H]2O)N2C=NC3=C(N)N=CN=C23)[C@@H](O)[C@H]1O,0,0
1,DB00158,0,0,0,Folic acid,1,NC1=NC(=O)C2=NC(CNC3=CC=C(C=C3)C(=O)N[C@@H](CCC(O)=O)C(O)=O)=CN=C2N1,1,0
1,DB00159,0,0,0,Icosapent,1,CC\C=C/C\C=C/C\C=C/C\C=C/C\C=C/CCCC(O)=O,0,0
1,DB00160,0,0,0,L-Alanine,1,C[C@H](N)C(O)=O,0,0
1,DB00161,0,0,0,L-Valine,1,CC(C)[C@H](N)C(O)=O,0,0
1,DB00162,0,0,0,Vitamin A,1,C\C(=C/CO)\C=C\C=C(/C)\C=C\C1=C(C)CCCC1(C)C,1,0
1,DB00163,0,0,0,Vitamin E,1,CC(C)CCC[C@@H](C)CCC[C@@H](C)CCC[C@]1(C)CCC2=C(O1)C(C)=C(C)C(O)=C2C,1,0
1,DB00165,0,0,1,Pyridoxine,1,CC1=C(O)C(CO)=C(CO)C=N1,1,0
1,DB00166,0,0,1,Lipoic Acid,1,OC(=O)CCCC[C@@H]1CCSS1,0,0
1,DB00167,0,0,1,Isoleucine,1,CC[C@H](C)[C@H](N)C(O)=O,0,0
0,DB00168,0,0,1,Aspartame,1,COC(=O)[C@H](CC1=CC=CC=C1)NC(=O)[C@@H](N)CC(O)=O,0,0
1,DB00169,0,0,0,Cholecalciferol,1,CC(C)CCC[C@@H](C)[C@@]1([H])CC[C@@]2([H])\C(CCC[C@]12C)=C\C=C1\C[C@@H](O)CCC1=C,0,0
1,DB00170,0,0,0,Menadione,1,CC1=CC(=O)C2=CC=CC=C2C1=O,0,0
0,DB00171,0,0,1,ATP,1,NC1=NC=NC2=C1N=CN2[C@@H]1O[C@H](COP(O)(=O)OP(O)(=O)OP(O)(O)=O)[C@@H](O)[C@H]1O,0,0
1,DB00172,0,0,0,Proline,1,OC(=O)[C@@H]1CCCN1,0,0
1,DB00173,0,0,0,Adenine,1,NC1=C2NC=NC2=NC=N1,0,0
1,DB00174,0,0,1,Asparagine,1,N[C@@H](CC(N)=O)C(O)=O,0,0
1,DB00175,0,0,0,Pravastatin,0,[H][C@]12[C@H](C[C@H](O)C=C1C=C[C@H](C)[C@@H]2CC[C@@H](O)C[C@@H](O)CC(O)=O)OC(=O)[C@@H](C)CC,0,0
1,DB00176,0,0,1,Fluvoxamine,0,COCCCC\C(=N/OCCN)C1=CC=C(C=C1)C(F)(F)F,0,0
1,DB00177,0,0,1,Valsartan,0,CCCCC(=O)N(CC1=CC=C(C=C1)C1=CC=CC=C1C1=NNN=N1)[C@@H](C(C)C)C(O)=O,0,0
1,DB00178,0,0,0,Ramipril,0,[H][C@@]12CCC[C@]1([H])N([C@@H](C2)C(O)=O)C(=O)[C@H](C)N[C@@H](CCC1=CC=CC=C1)C(=O)OCC,0,0
1,DB00179,0,0,1,Masoprocol,0,C[C@@H](CC1=CC(O)=C(O)C=C1)[C@H](C)CC1=CC(O)=C(O)C=C1,0,0
1,DB00180,0,0,1,Flunisolide,0,[H][C@@]12C[C@@]3([H])[C@]4([H])C[C@H](F)C5=CC(=O)C=C[C@]5(C)[C@@]4([H])[C@@H](O)C[C@]3(C)[C@@]1(OC(C)(C)O2)C(=O)CO,0,0
1,DB00181,0,0,0,Baclofen,0,NCC(CC(O)=O)C1=CC=C(Cl)C=C1,0,0
1,DB00182,0,1,1,Amphetamine,0,CC(N)CC1=CC=CC=C1,0,0
1,DB00183,0,0,0,Pentagastrin,0,CSCC[C@H](NC(=O)[C@H](CC1=CNC2=C1C=CC=C2)NC(=O)CCNC(=O)OC(C)(C)C)C(=O)N[C@@H](CC(O)=O)C(=O)N[C@@H](CC1=CC=CC=C1)C(N)=O,0,0
1,DB00184,0,0,0,Nicotine,0,CN1CCC[C@H]1C1=CN=CC=C1,0,0
1,DB00185,0,0,0,Cevimeline,0,CC1O[C@@]2(CS1)CN1CCC2CC1,0,0
1,DB00186,0,0,0,Lorazepam,0,OC1N=C(C2=CC=CC=C2Cl)C2=C(NC1=O)C=CC(Cl)=C2,0,0
1,DB00187,0,0,0,Esmolol,0,COC(=O)CCC1=CC=C(OCC(O)CNC(C)C)C=C1,0,0
1,DB00188,0,0,1,Bortezomib,0,CC(C)C[C@H](NC(=O)[C@H](CC1=CC=CC=C1)NC(=O)C1=CN=CC=N1)B(O)O,0,0
1,DB00189,0,1,0,Ethchlorvynol,0,CCC(O)(\C=C\Cl)C#C,0,1
1,DB00190,0,0,0,Carbidopa,0,C[C@@](CC1=CC(O)=C(O)C=C1)(NN)C(O)=O,0,0
1,DB00191,0,1,0,Phentermine,0,CC(C)(N)CC1=CC=CC=C1,0,0
1,DB00192,0,0,0,Indecainide,0,CC(C)NCCCC1(C(N)=O)C2=CC=CC=C2C2=CC=CC=C12,0,0
1,DB00193,0,0,1,Tramadol,0,COC1=CC=CC(=C1)[C@@]1(O)CCCC[C@@H]1CN(C)C,0,0
1,DB00194,0,0,1,Vidarabine,0,NC1=NC=NC2=C1N=CN2[C@@H]1O[C@H](CO)[C@@H](O)[C@@H]1O,0,0
1,DB00195,0,0,1,Betaxolol,0,CC(C)NCC(O)COC1=CC=C(CCOCC2CC2)C=C1,0,0
1,DB00196,0,0,1,Fluconazole,0,OC(CN1C=NC=N1)(CN1C=NC=N1)C1=C(F)C=C(F)C=C1,0,0
0,DB00197,0,0,1,Troglitazone,0,CC1=C(C)C2=C(CCC(C)(COC3=CC=C(CC4SC(=O)NC4=O)C=C3)O2)C(C)=C1O,0,1
1,DB00198,0,0,0,Oseltamivir,0,CCOC(=O)C1=C[C@@H](OC(CC)CC)[C@H](NC(C)=O)[C@@H](N)C1,0,0
1,DB00199,0,0,1,Erythromycin,0,CC[C@H]1OC(=O)[C@H](C)[C@@H](O[C@H]2C[C@@](C)(OC)[C@@H](O)[C@H](C)O2)[C@H](C)[C@@H](O[C@@H]2O[C@H](C)C[C@@H]([C@H]2O)N(C)C)[C@](C)(O)C[C@@H](C)C(=O)[C@H](C)[C@@H](O)[C@]1(C)O,1,0
1,DB00200,0,0,0,Hydroxocobalamin,0,[N+]1=2[Co-3]345([N+]6=C7[C@H]([C@@](CC(=O)N)(C)[C@@]6([C@@]6(N3C(=C(C)C3=[N+]4C(C(C)(C)[C@@H]3CCC(=O)N)=CC3=[N+]5C(=C7C)[C@@](CC(=O)N)([C@@H]3CCC(=O)N)C)[C@@](C)([C@H]6CC(=O)N)CCC(NC[C@@H](C)OP(=O)(O[C@@H]3[C@H](O[C@H](N(C4=CC(=C(C=C14)C)C)C=2)[C@@H]3O)CO)[O-])=O)[H])C)CCC(=O)N)O[H],0,0
1,DB00201,0,0,0,Caffeine,0,CN1C=NC2=C1C(=O)N(C)C(=O)N2C,0,0
1,DB00202,0,0,0,Succinylcholine,0,C[N+](C)(C)CCOC(=O)CCC(=O)OCC[N+](C)(C)C,0,0
1,DB00203,0,0,1,Sildenafil,0,CCCC1=NN(C)C2=C1NC(=NC2=O)C1=C(OCC)C=CC(=C1)S(=O)(=O)N1CCN(C)CC1,0,0
1,DB00204,0,0,1,Dofetilide,0,CN(CCOC1=CC=C(NS(C)(=O)=O)C=C1)CCC1=CC=C(NS(C)(=O)=O)C=C1,0,0
1,DB00205,0,0,1,Pyrimethamine,0,CCC1=C(C(N)=NC(N)=N1)C1=CC=C(Cl)C=C1,1,0
1,DB00206,0,0,1,Reserpine,0,[H][C@]12C[C@@H](OC(=O)C3=CC(OC)=C(OC)C(OC)=C3)[C@H](OC)[C@@H](C(=O)OC)[C@@]1([H])C[C@@]1([H])N(CCC3=C1NC1=C3C=CC(OC)=C1)C2,0,0
1,DB00207,0,0,0,Azithromycin,0,CC[C@H]1OC(=O)[C@H](C)[C@@H](O[C@H]2C[C@@](C)(OC)[C@@H](O)[C@H](C)O2)[C@H](C)[C@@H](O[C@@H]2O[C@H](C)C[C@@H]([C@H]2O)N(C)C)[C@](C)(O)C[C@@H](C)CN(C)[C@H](C)[C@@H](O)[C@]1(C)O,0,0
1,DB00208,0,0,0,Ticlopidine,0,ClC1=CC=CC=C1CN1CCC2=C(C1)C=CS2,0,0
1,DB00209,0,0,0,Trospium,0,[H][C@]12CC[C@]([H])(C[C@@H](C1)OC(=O)C(O)(C1=CC=CC=C1)C1=CC=CC=C1)[N+]21CCCC1,0,0
1,DB00210,0,0,0,Adapalene,0,COC1=C(C=C(C=C1)C1=CC2=C(C=C1)C=C(C=C2)C(O)=O)C12CC3CC(CC(C3)C1)C2,0,0
1,DB00211,0,0,0,Midodrine,0,COC1=CC(C(O)CNC(=O)CN)=C(OC)C=C1,0,0
0,DB00212,1,0,0,Remikiren,0,[H][C@@](CC1=CC=CC=C1)(CS(=O)(=O)C(C)(C)C)C(O)=N[C@@]([H])(CC1=CN=CN1)C(O)=N[C@@]([H])(CC1CCCCC1)[C@@]([H])(O)[C@@]([H])(O)C1CC1,0,0
1,DB00213,0,0,0,Pantoprazole,0,COC1=C(OC)C(CS(=O)C2=NC3=C(N2)C=C(OC(F)F)C=C3)=NC=C1,0,0
1,DB00214,0,0,0,Torasemide,0,CC(C)NC(=O)NS(=O)(=O)C1=C(NC2=CC=CC(C)=C2)C=CN=C1,0,0
1,DB00215,0,0,0,Citalopram,0,CN(C)CCCC1(OCC2=C1C=CC(=C2)C#N)C1=CC=C(F)C=C1,0,0
1,DB00216,0,0,1,Eletriptan,0,CN1CCC[C@@H]1CC1=CNC2=C1C=C(CCS(=O)(=O)C1=CC=CC=C1)C=C2,0,0
1,DB00217,0,0,0,Bethanidine,0,CN\C(NCC1=CC=CC=C1)=N/C,0,0
1,DB00218,0,0,1,Moxifloxacin,0,[H][C@]12CN(C[C@@]1([H])NCCC2)C1=C(F)C=C2C(=O)C(=CN(C3CC3)C2=C1OC)C(O)=O,0,0
1,DB00219,0,0,0,Oxyphenonium,0,CC[N+](C)(CC)CCOC(=O)C(O)(C1CCCCC1)C1=CC=CC=C1,0,0
1,DB00220,0,0,0,Nelfinavir,0,[H][C@@]12CCCC[C@]1([H])CN(C[C@@H](O)[C@H](CSC1=CC=CC=C1)NC(=O)C1=C(C)C(O)=CC=C1)[C@@H](C2)C(=O)NC(C)(C)C,0,0
1,DB00221,0,0,0,Isoetarine,0,CCC(NC(C)C)C(O)C1=CC(O)=C(O)C=C1,0,0
1,DB00222,0,0,0,Glimepiride,0,[H][C@]1(C)CC[C@@]([H])(CC1)N=C(O)NS(=O)(=O)C1=CC=C(CCN=C(O)N2CC(C)=C(CC)C2=O)C=C1,0,0
1,DB00223,0,0,0,Diflorasone,0,[H][C@@]12C[C@H](C)[C@](O)(C(=O)CO)[C@@]1(C)C[C@H](O)[C@@]1(F)[C@@]2([H])C[C@H](F)C2=CC(=O)C=C[C@]12C,0,0
1,DB00224,0,0,0,Indinavir,0,CC(C)(C)NC(=O)[C@@H]1CN(CC2=CN=CC=C2)CCN1C[C@@H](O)C[C@@H](CC1=CC=CC=C1)C(=O)N[C@@H]1[C@H](O)CC2=CC=CC=C12,0,0
1,DB00225,0,0,1,Gadodiamide,0,O=C1[O-][Gd+3]234567[O]=C(C[N]2(CC[N]3(CC([O-]4)=O)CC[N]5(CC(=[O]6)NC)CC(=O)[O-]7)C1)NC,0,0
1,DB00226,0,0,0,Guanadrel,0,NC(N)=NCC1COC2(CCCCC2)O1,0,0
1,DB00227,0,0,1,Lovastatin,0,[H][C@]12[C@H](C[C@@H](C)C=C1C=C[C@H](C)[C@@H]2CC[C@@H]1C[C@@H](O)CC(=O)O1)OC(=O)[C@@H](C)CC,0,0
1,DB00228,0,0,1,Enflurane,0,FC(F)OC(F)(F)C(F)Cl,1,0
1,DB00229,0,0,1,Cefotiam,0,[H][C@]12SCC(CSC3=NN=NN3CCN(C)C)=C(N1C(=O)[C@H]2NC(=O)CC1=CSC(N)=N1)C(O)=O,0,0
1,DB00230,0,1,1,Pregabalin,0,CC(C)C[C@H](CN)CC(O)=O,0,0
1,DB00231,0,0,1,Temazepam,0,CN1C2=C(C=C(Cl)C=C2)C(=NC(O)C1=O)C1=CC=CC=C1,0,0
1,DB00232,0,0,0,Methyclothiazide,0,CN1C(CCl)NC2=CC(Cl)=C(C=C2S1(=O)=O)S(N)(=O)=O,0,0
1,DB00233,0,0,0,Aminosalicylic Acid,0,NC1=CC(O)=C(C=C1)C(O)=O,0,0
1,DB00234,1,0,0,Reboxetine,0,[H][C@@](OC1=CC=CC=C1OCC)(C1=CC=CC=C1)[C@@]1([H])CNCCO1,0,0
1,DB00235,0,0,0,Milrinone,0,CC1=C(C=C(C#N)C(=O)N1)C1=CC=NC=C1,0,0
1,DB00236,0,0,0,Pipobroman,0,BrCCC(=O)N1CCN(CC1)C(=O)CCBr,0,0
1,DB00237,0,1,0,Butabarbital,0,CCC(C)C1(CC)C(=O)NC(=O)NC1=O,0,0
1,DB00238,0,0,0,Nevirapine,0,CC1=C2NC(=O)C3=C(N=CC=C3)N(C3CC3)C2=NC=C1,0,0
1,DB00239,0,0,0,Oxiconazole,0,ClC1=CC(Cl)=C(CO\N=C(/CN2C=CN=C2)C2=CC=C(Cl)C=C2Cl)C=C1,0,0
1,DB00240,0,0,0,Alclometasone,0,[H][C@@]12C[C@@H](C)[C@](O)(C(=O)CO)[C@@]1(C)C[C@H](O)[C@@]1([H])[C@@]2([H])[C@H](Cl)CC2=CC(=O)C=C[C@]12C,0,0
1,DB00241,0,1,0,Butalbital,0,CC(C)CC1(CC=C)C(=O)NC(=O)NC1=O,0,0
1,DB00242,0,0,1,Cladribine,0,NC1=C2N=CN([C@H]3C[C@H](O)[C@@H](CO)O3)C2=NC(Cl)=N1,0,0
1,DB00243,0,0,1,Ranolazine,0,COC1=CC=CC=C1OCC(O)CN1CCN(CC(=O)NC2=C(C)C=CC=C2C)CC1,0,0
1,DB00244,0,0,0,Mesalazine,0,NC1=CC(C(O)=O)=C(O)C=C1,0,0
1,DB00245,0,0,0,Benzatropine,0,[H][C@]12CC[C@]([H])(C[C@@]([H])(C1)OC(C1=CC=CC=C1)C1=CC=CC=C1)N2C,0,0
1,DB00246,0,0,0,Ziprasidone,0,ClC1=C(CCN2CCN(CC2)C2=NSC3=CC=CC=C23)C=C2CC(=O)NC2=C1,0,0
1,DB00247,0,0,0,Methysergide,0,[H][C@@]12CC3=CN(C)C4=C3C(=CC=C4)C1=C[C@H](CN2C)C(=O)NC(CC)CO,0,0
1,DB00248,0,0,0,Cabergoline,0,[H][C@@]12CC3=CNC4=CC=CC(=C34)[C@@]1([H])C[C@H](CN2CC=C)C(=O)N(CCCN(C)C)C(=O)NCC,0,0
1,DB00249,0,0,1,Idoxuridine,0,OC[C@H]1O[C@H](C[C@@H]1O)N1C=C(I)C(=O)NC1=O,0,0
1,DB00250,0,0,1,Dapsone,0,NC1=CC=C(C=C1)S(=O)(=O)C1=CC=C(N)C=C1,0,0
1,DB00251,0,0,0,Terconazole,0,CC(C)N1CCN(CC1)C1=CC=C(OC[C@H]2CO[C@@](CN3C=NC=N3)(O2)C2=C(Cl)C=C(Cl)C=C2)C=C1,0,0
1,DB00252,0,0,0,Phenytoin,0,O=C1NC(=O)C(N1)(C1=CC=CC=C1)C1=CC=CC=C1,1,0
1,DB00253,0,0,0,Medrysone,0,[H][C@@]12CC[C@H](C(C)=O)[C@@]1(C)C[C@H](O)[C@@]1([H])[C@@]2([H])C[C@H](C)C2=CC(=O)CC[C@]12C,0,0
1,DB00254,0,0,1,Doxycycline,0,[H][C@@]12[C@@H](C)C3=C(C(O)=CC=C3)C(=O)C1=C(O)[C@]1(O)C(=O)C(C(N)=O)=C(O)[C@@H](N(C)C)[C@]1([H])[C@H]2O,1,0
1,DB00255,0,0,1,Diethylstilbestrol,0,CC\C(=C(\CC)C1=CC=C(O)C=C1)C1=CC=C(O)C=C1,0,0
1,DB00256,0,0,1,Lymecycline,0,[H][C@@]12C[C@@]3([H])C(C(=O)C4=C(O)C=CC=C4[C@@]3(C)O)=C(O)[C@]1(O)C(=O)C(C(=O)NCNCCCC[C@H](N)C(O)=O)=C(O)[C@H]2N(C)C,0,0
1,DB00257,0,0,0,Clotrimazole,0,ClC1=CC=CC=C1C(N1C=CN=C1)(C1=CC=CC=C1)C1=CC=CC=C1,1,0
1,DB00258,0,0,1,Calcium acetate,0,[Ca++].CC([O-])=O.CC([O-])=O,0,0
1,DB00259,0,0,0,Sulfanilamide,0,NC1=CC=C(C=C1)S(N)(=O)=O,0,0
1,DB00260,0,0,0,Cycloserine,0,N[C@@H]1CONC1=O,0,0
1,DB00261,0,0,0,Anagrelide,0,ClC1=CC=C2N=C3NC(=O)CN3CC2=C1Cl,0,0
1,DB00262,0,0,1,Carmustine,0,ClCCNC(=O)N(CCCl)N=O,0,0
1,DB00263,0,0,0,Sulfisoxazole,0,CC1=NOC(NS(=O)(=O)C2=CC=C(N)C=C2)=C1C,1,0
1,DB00264,0,0,1,Metoprolol,0,COCCC1=CC=C(OCC(O)CNC(C)C)C=C1,0,0
1,DB00265,0,0,0,Crotamiton,0,CCN(C(=O)C=CC)C1=CC=CC=C1C,0,0
1,DB00266,0,0,0,Dicoumarol,0,OC1=C(CC2=C(O)C3=C(OC2=O)C=CC=C3)C(=O)OC2=C1C=CC=C2,0,0
1,DB00267,0,0,0,Cefmenoxime,0,[H][C@]12SCC(CSC3=NN=NN3C)=C(N1C(=O)[C@H]2NC(=O)C(=N/OC)\C1=CSC(N)=N1)C(O)=O,0,0
1,DB00268,0,0,1,Ropinirole,0,CCCN(CCC)CCC1=C2CC(=O)NC2=CC=C1,0,0
0,DB00269,0,0,1,Chlorotrianisene,0,COC1=CC=C(C=C1)C(Cl)=C(C1=CC=C(OC)C=C1)C1=CC=C(OC)C=C1,0,1
1,DB00270,0,0,1,Isradipine,0,COC(=O)C1=C(C)NC(C)=C(C1C1=CC=CC2=NON=C12)C(=O)OC(C)C,0,0
1,DB00271,0,0,0,Diatrizoate,0,CC(=O)NC1=C(I)C(C(O)=O)=C(I)C(NC(C)=O)=C1I,1,0
1,DB00272,0,0,0,Betazole,0,NCCC1=CC=NN1,0,0
1,DB00273,0,0,0,Topiramate,0,[H][C@@]12CO[C@@]3(COS(N)(=O)=O)OC(C)(C)O[C@@]3([H])[C@]1([H])OC(C)(C)O2,0,0
1,DB00274,0,0,1,Cefmetazole,0,[H][C@]12SCC(CSC3=NN=NN3C)=C(N1C(=O)[C@]2(NC(=O)CSCC#N)OC)C(O)=O,0,0
1,DB00275,0,0,1,Olmesartan,0,CCCC1=NC(=C(N1CC1=CC=C(C=C1)C1=C(C=CC=C1)C1=NN=NN1)C(O)=O)C(C)(C)O,0,0
1,DB00276,0,0,1,Amsacrine,0,COC1=C(NC2=C3C=CC=CC3=NC3=CC=CC=C23)C=CC(NS(C)(=O)=O)=C1,0,0
1,DB00277,0,0,0,Theophylline,0,CN1C2=C(NC=N2)C(=O)N(C)C1=O,0,0
1,DB00278,0,0,1,Argatroban,0,C[C@@H]1CCN([C@H](C1)C(O)=O)C(=O)[C@H](CCCNC(N)=N)NS(=O)(=O)C1=CC=CC2=C1NCC(C)C2,0,0
1,DB00279,0,0,0,Liothyronine,0,N[C@@H](CC1=CC(I)=C(OC2=CC(I)=C(O)C=C2)C(I)=C1)C(O)=O,1,0
1,DB00280,0,0,0,Disopyramide,0,CC(C)N(CCC(C(N)=O)(C1=CC=CC=C1)C1=NC=CC=C1)C(C)C,0,0
1,DB00281,0,0,0,Lidocaine,0,CCN(CC)CC(=O)NC1=C(C)C=CC=C1C,1,0
1,DB00282,0,0,0,Pamidronic acid,0,NCCC(O)(P(O)(O)=O)P(O)(O)=O,0,0
1,DB00283,0,0,1,Clemastine,0,CN1CCC[C@@H]1CCO[C@](C)(C1=CC=CC=C1)C1=CC=C(Cl)C=C1,0,0
1,DB00284,0,0,1,Acarbose,0,[H][C@@](O)(CO)[C@@]([H])(O[C@@]1([H])O[C@]([H])(CO)[C@@]([H])(O[C@@]2([H])O[C@]([H])(C)[C@@]([H])(N[C@@]3([H])C=C(CO)[C@@]([H])(O)[C@]([H])(O)[C@@]3([H])O)[C@]([H])(O)[C@@]2([H])O)[C@]([H])(O)[C@@]1([H])O)[C@]([H])(O)[C@@]([H])(O)C=O,0,0
1,DB00285,0,0,0,Venlafaxine,0,COC1=CC=C(C=C1)C(CN(C)C)C1(O)CCCCC1,0,0
1,DB00287,0,0,0,Travoprost,0,CC(C)OC(=O)CCC\C=C/C[C@H]1[C@@H](O)C[C@@H](O)[C@@H]1\C=C\[C@@H](O)COC1=CC=CC(=C1)C(F)(F)F,0,0
1,DB00288,0,0,0,Amcinonide,0,[H][C@@]12C[C@H]3OC4(CCCC4)O[C@@]3(C(=O)COC(C)=O)[C@@]1(C)C[C@H](O)[C@@]1(F)[C@@]2([H])CCC2=CC(=O)C=C[C@]12C,0,0
1,DB00289,0,0,0,Atomoxetine,0,CNCC[C@@H](OC1=CC=CC=C1C)C1=CC=CC=C1,0,0
1,DB00290,0,0,1,Bleomycin,0,C[C@@H](O)[C@H](NC(=O)[C@@H](C)[C@H](O)[C@@H](C)NC(=O)[C@@H](NC(=O)C1=C(C)C(N)=NC(=N1)[C@H](CC(N)=O)NC[C@H](N)C(N)=O)[C@@H](OC1OC(CO)C(O)C(O)C1OC1OC(CO)C(O)C(OC(N)=O)C1O)C1=CN=CN1)C(=O)NCCC1=NC(=CS1)C1=NC(=CS1)C(=O)NCCC[S+](C)C,0,0
1,DB00291,0,0,0,Chlorambucil,0,OC(=O)CCCC1=CC=C(C=C1)N(CCCl)CCCl,0,0
1,DB00292,0,0,0,Etomidate,0,CCOC(=O)C1=CN=CN1[C@H](C)C1=CC=CC=C1,0,0
1,DB00293,0,0,1,Raltitrexed,0,CN(CC1=CC2=C(NC(C)=NC2=O)C=C1)C1=CC=C(S1)C(=O)N[C@@H](CCC(O)=O)C(O)=O,0,0
1,DB00294,0,0,1,Etonogestrel,0,[H][C@@]12CC[C@@](O)(C#C)[C@@]1(CC)CC(=C)[C@]1([H])[C@@]3([H])CCC(=O)C=C3CC[C@@]21[H],0,0
1,DB00295,0,0,1,Morphine,0,[H][C@@]12OC3=C(O)C=CC4=C3[C@@]11CCN(C)[C@]([H])(C4)[C@]1([H])C=C[C@@H]2O,0,0
1,DB00296,0,0,0,Ropivacaine,0,CCCN1CCCC[C@H]1C(=O)NC1=C(C)C=CC=C1C,0,0
1,DB00297,0,0,1,Bupivacaine,0,CCCCN1CCCCC1C(=O)NC1=C(C)C=CC=C1C,0,0
1,DB00298,0,0,0,Dapiprazole,0,CC1=CC=CC=C1N1CCN(CCC2=NN=C3CCCCN23)CC1,0,0
1,DB00299,0,0,0,Penciclovir,0,NC1=NC(=O)C2=C(N1)N(CCC(CO)CO)C=N2,0,0
1,DB00300,0,0,1,Tenofovir disoproxil,0,[H][C@@](C)(CN1C=NC2=C(N)N=CN=C12)OCP(=O)(OCOC(=O)OC(C)C)OCOC(=O)OC(C)C,0,0
1,DB00301,0,0,1,Flucloxacillin,0,[H][C@]12SC(C)(C)[C@@H](N1C(=O)[C@H]2NC(=O)C1=C(C)ON=C1C1=C(F)C=CC=C1Cl)C(O)=O,0,0
1,DB00302,0,0,0,Tranexamic acid,0,NC[C@H]1CC[C@@H](CC1)C(O)=O,0,0
1,DB00303,0,0,1,Ertapenem,0,[H][C@]12[C@@H](C)C(S[C@]3([H])CN[C@@]([H])(C3)C(=O)NC3=CC=CC(=C3)C(O)=O)=C(N1C(=O)[C@]2([H])[C@@H](C)O)C(O)=O,0,0
1,DB00304,0,0,0,Desogestrel,0,[H][C@@]12CC[C@@](O)(C#C)[C@@]1(CC)CC(=C)[C@]1([H])[C@@]3([H])CCCC=C3CC[C@@]21[H],0,0
1,DB00305,0,0,0,Mitomycin,0,CO[C@]12[C@H]3N[C@H]3CN1C1=C([C@H]2COC(N)=O)C(=O)C(N)=C(C)C1=O,0,0
1,DB00306,0,1,0,Talbutal,0,CCC(C)C1(CC=C)C(=O)NC(=O)NC1=O,0,0
1,DB00307,0,0,1,Bexarotene,0,CC1=CC2=C(C=C1C(=C)C1=CC=C(C=C1)C(O)=O)C(C)(C)CCC2(C)C,0,0
1,DB00308,0,0,0,Ibutilide,0,CCCCCCCN(CC)CCCC(O)C1=CC=C(NS(C)(=O)=O)C=C1,0,0
1,DB00309,0,0,1,Vindesine,0,[H][C@@]12N3CC[C@@]11C4=C(C=C(OC)C(=C4)[C@]4(C[C@@H]5C[N@@](C[C@](O)(CC)C5)CCC5=C4NC4=CC=CC=C54)C(=O)OC)N(C)[C@@]1([H])[C@](O)([C@H](O)[C@]2(CC)C=CC3)C(N)=O,0,0
1,DB00310,0,0,0,Chlorthalidone,0,NS(=O)(=O)C1=C(Cl)C=CC(=C1)C1(O)NC(=O)C2=CC=CC=C12,0,0
0,DB00311,0,0,0,Ethoxzolamide,0,CCOC1=CC2=C(C=C1)N=C(S2)S(N)(=O)=O,0,1
1,DB00312,0,0,1,Pentobarbital,0,CCCC(C)C1(CC)C(=O)NC(=O)NC1=O,1,0
1,DB00313,0,0,1,Valproic Acid,0,CCCC(CCC)C(O)=O,0,0
1,DB00314,0,0,0,Capreomycin,0,[H][C@@]1(CCN=C(N)N1)[C@]1([H])NC(=O)\C(NC(=O)[C@H](CNC(=O)C[C@@H](N)CCCN)NC(=O)[C@H](C)NC(=O)[C@@H](N)CNC1=O)=C/NC(N)=O.[H][C@@]1(CCN=C(N)N1)[C@]1([H])NC(=O)\C(NC(=O)[C@H](CNC(=O)C[C@@H](N)CCCN)NC(=O)[C@H](CO)NC(=O)[C@@H](N)CNC1=O)=C/NC(N)=O,0,0
1,DB00315,0,0,1,Zolmitriptan,0,CN(C)CCC1=CNC2=CC=C(C[C@H]3COC(=O)N3)C=C12,0,0
1,DB00316,0,0,0,Acetaminophen,0,CC(=O)NC1=CC=C(O)C=C1,0,0
1,DB00317,0,0,1,Gefitinib,0,COC1=C(OCCCN2CCOCC2)C=C2C(NC3=CC(Cl)=C(F)C=C3)=NC=NC2=C1,0,0
1,DB00318,0,1,0,Codeine,0,[H][C@]12C=C[C@H](O)[C@@H]3OC4=C5C(C[C@H]1N(C)CC[C@@]235)=CC=C4OC,0,0
1,DB00319,0,0,0,Piperacillin,0,[H][C@]12SC(C)(C)[C@@H](N1C(=O)[C@H]2NC(=O)[C@H](NC(=O)N1CCN(CC)C(=O)C1=O)C1=CC=CC=C1)C(O)=O,0,0
1,DB00320,0,0,1,Dihydroergotamine,0,[H][C@@]12CCCN1C(=O)[C@H](CC1=CC=CC=C1)N1C(=O)[C@](C)(NC(=O)[C@H]3CN(C)[C@]4([H])CC5=CNC6=CC=CC(=C56)[C@@]4([H])C3)O[C@@]21O,0,0
1,DB00321,0,0,0,Amitriptyline,0,CN(C)CCC=C1C2=CC=CC=C2CCC2=CC=CC=C12,0,0
1,DB00322,0,0,0,Floxuridine,0,OC[C@H]1O[C@H](C[C@@H]1O)N1C=C(F)C(=O)NC1=O,0,0
1,DB00323,0,0,0,Tolcapone,0,CC1=CC=C(C=C1)C(=O)C1=CC(=C(O)C(O)=C1)[N+]([O-])=O,0,1
1,DB00324,0,0,1,Fluorometholone,0,[H][C@@]12CC[C@](O)(C(C)=O)[C@@]1(C)C[C@H](O)[C@@]1(F)[C@@]2([H])C[C@H](C)C2=CC(=O)C=C[C@]12C,0,0
1,DB00325,0,0,1,Nitroprusside,0,O=N[Fe--](C#N)(C#N)(C#N)(C#N)C#N,0,0
1,DB00326,0,0,0,Calcium glucoheptonate,0,[Ca++].OC[C@@H](O)[C@@H](O)[C@H](O)[C@@H](O)C(O)C([O-])=O.OC[C@@H](O)[C@@H](O)[C@H](O)[C@@H](O)C(O)C([O-])=O,0,0
1,DB00327,0,1,0,Hydromorphone,0,[H][C@@]12OC3=C(O)C=CC4=C3[C@@]11CCN(C)[C@]([H])(C4)[C@]1([H])CCC2=O,0,0
1,DB00328,0,0,1,Indometacin,0,COC1=CC2=C(C=C1)N(C(=O)C1=CC=C(Cl)C=C1)C(C)=C2CC(O)=O,0,0
1,DB00330,0,0,0,Ethambutol,0,CC[C@@H](CO)NCCN[C@@H](CC)CO,0,0
1,DB00331,0,0,0,Metformin,0,CN(C)C(=N)NC(N)=N,0,0
1,DB00332,1,0,0,Ipratropium,0,[H][C@]12CC[C@]([H])(C[C@@H](C1)OC(=O)C(CO)C1=CC=CC=C1)[N+]2(C)C(C)C,0,0
1,DB00333,0,1,0,Methadone,0,CCC(=O)C(CC(C)N(C)C)(C1=CC=CC=C1)C1=CC=CC=C1,0,0
1,DB00334,0,0,1,Olanzapine,0,CN1CCN(CC1)C1=NC2=CC=CC=C2NC2=C1C=C(C)S2,0,0
1,DB00335,0,0,0,Atenolol,0,CC(C)NCC(O)COC1=CC=C(CC(N)=O)C=C1,0,0
1,DB00336,0,0,1,Nitrofural,0,NC(=O)N\N=C\C1=CC=C(O1)[N+]([O-])=O,1,0
1,DB00337,0,0,1,Pimecrolimus,0,[H][C@]1(CC[C@H](Cl)[C@@H](C1)OC)\C=C(/C)[C@@]1([H])OC(=O)[C@]2([H])CCCCN2C(=O)C(=O)[C@]2(O)O[C@@]([H])([C@H](C[C@H]2C)OC)[C@H](C[C@@H](C)C\C(C)=C\[C@@H](CC)C(=O)C[C@H](O)[C@H]1C)OC,0,0
1,DB00338,0,0,1,Omeprazole,0,COC1=CC2=C(C=C1)N=C(N2)S(=O)CC1=NC=C(C)C(OC)=C1C,1,0
1,DB00339,0,0,1,Pyrazinamide,0,NC(=O)C1=NC=CN=C1,0,0
1,DB00340,0,0,0,Metixene,0,CN1CCCC(CC2C3=CC=CC=C3SC3=CC=CC=C23)C1,0,0
1,DB00341,0,0,0,Cetirizine,0,OC(=O)COCCN1CCN(CC1)C(C1=CC=CC=C1)C1=CC=C(Cl)C=C1,0,0
1,DB00342,0,0,0,Terfenadine,0,CC(C)(C)C1=CC=C(C=C1)C(O)CCCN1CCC(CC1)C(O)(C1=CC=CC=C1)C1=CC=CC=C1,0,1
1,DB00343,0,0,1,Diltiazem,0,COC1=CC=C(C=C1)[C@@H]1SC2=C(C=CC=C2)N(CCN(C)C)C(=O)[C@@H]1OC(C)=O,0,0
1,DB00344,0,0,0,Protriptyline,0,CNCCCC1C2=CC=CC=C2C=CC2=CC=CC=C12,0,0
1,DB00345,0,0,1,Aminohippuric acid,0,NC1=CC=C(C=C1)C(=O)NCC(O)=O,0,0
1,DB00346,0,0,1,Alfuzosin,0,COC1=CC2=C(C=C1OC)C(N)=NC(=N2)N(C)CCCNC(=O)C1CCCO1,0,0
1,DB00347,0,0,0,Trimethadione,0,CN1C(=O)OC(C)(C)C1=O,0,0
1,DB00348,0,0,1,Nitisinone,0,[O-][N+](=O)C1=C(C=CC(=C1)C(F)(F)F)C(=O)C1C(=O)CCCC1=O,0,0
1,DB00349,0,1,0,Clobazam,0,CN1C2=C(C=C(Cl)C=C2)N(C2=CC=CC=C2)C(=O)CC1=O,0,0
1,DB00350,0,0,1,Minoxidil,0,NC1=CC(=NC(N)=[N+]1[O-])N1CCCCC1,0,0
1,DB00351,0,0,1,Megestrol acetate,0,[H][C@@]12CC[C@](OC(C)=O)(C(C)=O)[C@@]1(C)CC[C@@]1([H])[C@@]2([H])C=C(C)C2=CC(=O)CC[C@]12C,1,0
1,DB00352,0,0,0,Tioguanine,0,NC1=NC(=S)C2=C(N1)N=CN2,0,0
1,DB00353,0,0,0,Methylergometrine,0,[H][C@@]12CC3=CNC4=CC=CC(=C34)C1=C[C@H](CN2C)C(=O)N[C@@H](CC)CO,0,0
1,DB00354,0,0,0,Buclizine,0,CC(C)(C)C1=CC=C(CN2CCN(CC2)C(C2=CC=CC=C2)C2=CC=C(Cl)C=C2)C=C1,0,0
1,DB00355,0,0,0,Aztreonam,0,C[C@H]1[C@H](NC(=O)C(=N/OC(C)(C)C(=O)O)\C2=CSC([NH3+])=N2)C(=O)N1S([O-])(=O)=O,0,0
1,DB00356,0,0,0,Chlorzoxazone,0,ClC1=CC2=C(OC(=O)N2)C=C1,0,0
1,DB00357,0,0,1,Aminoglutethimide,0,CCC1(CCC(=O)NC1=O)C1=CC=C(N)C=C1,0,0
1,DB00358,0,0,1,Mefloquine,0,OC(C1CCCCN1)C1=CC(=NC2=C1C=CC=C2C(F)(F)F)C(F)(F)F,0,0
1,DB00359,0,0,1,Sulfadiazine,0,NC1=CC=C(C=C1)S(=O)(=O)NC1=NC=CC=N1,1,0
1,DB00360,0,0,1,Sapropterin,0,[H][C@@]1(CNC2=C(N1)C(=O)NC(N)=N2)[C@@H](O)[C@H](C)O,0,0
1,DB00361,0,0,1,Vinorelbine,0,[H][C@@]12N(C)C3=CC(OC)=C(C=C3[C@@]11CCN3CC=C[C@](CC)([C@@]13[H])[C@@]([H])(OC(C)=O)[C@]2(O)C(=O)OC)[C@]1(C[C@@]2([H])CN(CC(CC)=C2)CC2=C1NC1=CC=CC=C21)C(=O)OC,0,0
1,DB00362,0,0,1,Anidulafungin,0,[H][C@]1(NC(=O)[C@@H](NC(=O)[C@@H]2C[C@@H](O)CN2C(=O)[C@@H](NC(=O)[C@H](C[C@@H](O)[C@@H](O)NC(=O)[C@@H]2[C@@H](O)[C@@H](C)CN2C1=O)NC(=O)C1=CC=C(C=C1)C1=CC=C(C=C1)C1=CC=C(OCCCCC)C=C1)[C@@H](C)O)[C@H](O)[C@@H](O)C1=CC=C(O)C=C1)[C@@H](C)O,0,0
1,DB00363,0,0,0,Clozapine,0,CN1CCN(CC1)C1=NC2=CC(Cl)=CC=C2NC2=CC=CC=C12,0,0
1,DB00364,0,0,0,Sucralfate,0,O.O[Al](O)O.O[Al](O)OS(=O)(=O)OC[C@H]1O[C@@](COS(=O)(=O)O[Al](O)O)(O[C@H]2O[C@H](COS(=O)(=O)O[Al](O)O)[C@@H](OS(=O)(=O)O[Al](O)O)[C@H](OS(=O)(=O)O[Al](O)O)[C@H]2OS(=O)(=O)O[Al](O)O)[C@@H](OS(=O)(=O)O[Al](O)O)[C@@H]1OS(=O)(=O)O[Al](O)O,0,0
1,DB00365,0,0,1,Grepafloxacin,0,CC1CN(CCN1)C1=C(F)C(C)=C2C(=O)C(=CN(C3CC3)C2=C1)C(O)=O,0,1
1,DB00366,0,0,0,Doxylamine,0,CN(C)CCOC(C)(C1=CC=CC=C1)C1=CC=CC=N1,1,0
1,DB00367,0,0,1,Levonorgestrel,0,[H][C@@]12CC[C@@](O)(C#C)[C@@]1(CC)CC[C@]1([H])[C@@]3([H])CCC(=O)C=C3CC[C@@]21[H],0,0
1,DB00368,0,0,0,Norepinephrine,0,NC[C@H](O)C1=CC(O)=C(O)C=C1,0,0
1,DB00369,0,0,0,Cidofovir,0,NC1=NC(=O)N(C[C@@H](CO)OCP(O)(O)=O)C=C1,0,0
1,DB00370,0,0,0,Mirtazapine,0,CN1CCN2C(C1)C1=CC=CC=C1CC1=C2N=CC=C1,0,0
1,DB00371,0,1,0,Meprobamate,0,CCCC(C)(COC(N)=O)COC(N)=O,0,0
1,DB00372,0,0,0,Thiethylperazine,0,CCSC1=CC2=C(SC3=CC=CC=C3N2CCCN2CCN(C)CC2)C=C1,0,1
1,DB00373,0,0,0,Timolol,0,[H][C@](O)(CNC(C)(C)C)COC1=NSN=C1N1CCOCC1,0,0
1,DB00374,0,0,1,Treprostinil,0,[H][C@]12C[C@@H](O)[C@H](CC[C@@H](O)CCCCC)[C@@]1([H])CC1=C(C2)C(OCC(O)=O)=CC=C1,0,0
1,DB00376,0,0,0,Trihexyphenidyl,0,OC(CCN1CCCCC1)(C1CCCCC1)C1=CC=CC=C1,0,0
1,DB00377,0,0,1,Palonosetron,0,[H][C@]12CCCC3=C1C(=CC=C3)C(=O)N(C2)[C@@H]1CN2CCC1CC2,0,0
1,DB00378,0,0,1,Dydrogesterone,0,[H][C@@]12CC[C@H](C(C)=O)[C@@]1(C)CC[C@]1([H])[C@@]2([H])C=CC2=CC(=O)CC[C@@]12C,0,1
1,DB00379,0,0,1,Mexiletine,0,CC(N)COC1=C(C)C=CC=C1C,0,0
1,DB00380,0,0,0,Dexrazoxane,0,C[C@@H](CN1CC(=O)NC(=O)C1)N1CC(=O)NC(=O)C1,0,1
1,DB00381,0,0,0,Amlodipine,0,CCOC(=O)C1=C(COCCN)NC(C)=C(C1C1=CC=CC=C1Cl)C(=O)OC,0,0
1,DB00382,0,0,1,Tacrine,0,NC1=C2CCCCC2=NC2=CC=CC=C12,0,1
1,DB00383,0,0,0,Oxyphencyclimine,0,CN1CCCN=C1COC(=O)C(O)(C1CCCCC1)C1=CC=CC=C1,0,0
1,DB00384,0,0,0,Triamterene,0,NC1=NC(N)=C2N=C(C(N)=NC2=N1)C1=CC=CC=C1,0,0
1,DB00385,0,0,0,Valrubicin,0,[H][C@@]1(C[C@@](O)(CC2=C(O)C3=C(C(O)=C12)C(=O)C1=C(OC)C=CC=C1C3=O)C(=O)COC(=O)CCCC)O[C@H]1C[C@H](NC(=O)C(F)(F)F)[C@H](O)[C@H](C)O1,0,0
1,DB00387,0,0,0,Procyclidine,0,OC(CCN1CCCC1)(C1CCCCC1)C1=CC=CC=C1,0,0
1,DB00388,0,0,0,Phenylephrine,0,CNC[C@H](O)C1=CC(O)=CC=C1,0,0
1,DB00389,0,0,1,Carbimazole,0,CCOC(=O)N1C=CN(C)C1=S,0,0
1,DB00390,0,0,0,Digoxin,0,[H][C@]12CC[C@]3([H])[C@]([H])(C[C@@H](O)[C@]4(C)[C@H](CC[C@]34O)C3=CC(=O)OC3)[C@@]1(C)CC[C@@H](C2)O[C@H]1C[C@H](O)[C@H](O[C@H]2C[C@H](O)[C@H](O[C@H]3C[C@H](O)[C@H](O)[C@@H](C)O3)[C@@H](C)O2)[C@@H](C)O1,0,0
1,DB00391,0,0,1,Sulpiride,0,CCN1CCCC1CNC(=O)C1=C(OC)C=CC(=C1)S(N)(=O)=O,0,0
1,DB00392,0,0,0,Profenamine,0,CCN(CC)C(C)CN1C2=CC=CC=C2SC2=CC=CC=C12,0,0
1,DB00393,0,0,1,Nimodipine,0,COCCOC(=O)C1=C(C)NC(C)=C(C1C1=CC(=CC=C1)[N+]([O-])=O)C(=O)OC(C)C,0,0
1,DB00394,0,0,1,Beclomethasone dipropionate,0,[H][C@@]12C[C@H](C)[C@](OC(=O)CC)(C(=O)COC(=O)CC)[C@@]1(C)C[C@H](O)[C@@]1(Cl)[C@@]2([H])CCC2=CC(=O)C=C[C@]12C,0,0
1,DB00395,0,0,0,Carisoprodol,0,CCCC(C)(COC(N)=O)COC(=O)NC(C)C,0,0
1,DB00396,0,0,0,Progesterone,0,[H][C@@]12CC[C@H](C(C)=O)[C@@]1(C)CC[C@@]1([H])[C@@]2([H])CCC2=CC(=O)CC[C@]12C,1,0
1,DB00397,0,0,0,Phenylpropanolamine,0,[H][C@@](C)(N)[C@]([H])(O)C1=CC=CC=C1,1,1
1,DB00398,0,0,1,Sorafenib,0,CNC(=O)C1=NC=CC(OC2=CC=C(NC(=O)NC3=CC(=C(Cl)C=C3)C(F)(F)F)C=C2)=C1,0,0
1,DB00399,0,0,0,Zoledronic acid,0,OC(CN1C=CN=C1)(P(O)(O)=O)P(O)(O)=O,0,0
1,DB00400,0,0,1,Griseofulvin,0,COC1=CC(OC)=C(Cl)C2=C1C(=O)[C@]1(O2)[C@H](C)CC(=O)C=C1OC,1,0
1,DB00401,0,0,0,Nisoldipine,0,COC(=O)C1=C(C)NC(C)=C(C1C1=CC=CC=C1[N+]([O-])=O)C(=O)OCC(C)C,0,0
1,DB00402,0,0,1,Eszopiclone,0,CN1CCN(CC1)C(=O)O[C@@H]1N(C(=O)C2=NC=CN=C12)C1=NC=C(Cl)C=C1,0,0
1,DB00403,0,0,0,Ceruletide,0,[H][C@](NC(=O)[C@H](CC1=CC=C(OS(O)(=O)=O)C=C1)NC(=O)[C@H](CC(O)=O)NC(=O)[C@H](CCC(N)=O)NC(=O)[C@@H]1CCC(=O)N1)([C@@H](C)O)C(=O)NCC(=O)N[C@@H](CC1=CNC2=CC=CC=C12)C(=O)N[C@@H](CCSC)C(=O)N[C@@H](CC(O)=O)C(=O)N[C@@H](CC1=CC=CC=C1)C(N)=O,0,0
1,DB00404,0,1,1,Alprazolam,0,CC1=NN=C2CN=C(C3=CC=CC=C3)C3=C(C=CC(Cl)=C3)N12,0,0
1,DB00405,0,0,0,Dexbrompheniramine,0,CN(C)CC[C@@H](C1=CC=C(Br)C=C1)C1=CC=CC=N1,0,0
1,DB00406,0,0,0,Gentian violet cation,0,CN(C)C1=CC=C(C=C1)C(C1=CC=C(C=C1)N(C)C)=C1C=CC(C=C1)=[N+](C)C,0,0
1,DB00408,0,0,0,Loxapine,0,CN1CCN(CC1)C1=NC2=CC=CC=C2OC2=C1C=C(Cl)C=C2,0,0
1,DB00409,0,0,0,Remoxipride,0,CCN1CCC[C@H]1CNC(=O)C1=C(OC)C=CC(Br)=C1OC,0,1
1,DB00410,0,0,1,Mupirocin,0,C[C@H](O)[C@H](C)[C@@H]1O[C@H]1C[C@H]1CO[C@@H](C\C(C)=C\C(=O)OCCCCCCCCC(O)=O)[C@H](O)[C@@H]1O,1,0
1,DB00411,0,0,0,Carbamoylcholine,0,C[N+](C)(C)CCOC(N)=O,0,0
1,DB00412,0,0,1,Rosiglitazone,0,CN(CCOC1=CC=C(CC2SC(=O)NC2=O)C=C1)C1=CC=CC=N1,0,0
1,DB00413,0,0,1,Pramipexole,0,CCCN[C@H]1CCC2=C(C1)SC(N)=N2,0,0
1,DB00414,0,0,1,Acetohexamide,0,CC(=O)C1=CC=C(C=C1)S(=O)(=O)NC(=O)NC1CCCCC1,0,1
1,DB00415,0,0,0,Ampicillin,0,[H][C@]12SC(C)(C)[C@@H](N1C(=O)[C@H]2NC(=O)[C@H](N)C1=CC=CC=C1)C(O)=O,1,0
1,DB00416,0,0,0,Metocurine Iodide,0,[I-].[I-].[H][C@@]12CC3=CC=C(OC4=C5C(CC[N+](C)(C)[C@]5([H])CC5=CC(OC6=C(OC)C=C(CC[N+]1(C)C)C2=C6)=C(OC)C=C5)=CC(OC)=C4OC)C=C3,0,1
1,DB00417,0,0,0,Phenoxymethylpenicillin,0,[H][C@]12SC(C)(C)[C@@H](N1C(=O)[C@H]2NC(=O)COC1=CC=CC=C1)C(O)=O,1,0
1,DB00418,0,0,0,Secobarbital,0,CCCC(C)C1(CC=C)C(=O)NC(=O)NC1=O,1,0
1,DB00419,0,0,0,Miglustat,0,CCCCN1C[C@H](O)[C@@H](O)[C@H](O)[C@H]1CO,0,0
1,DB00420,0,0,0,Promazine,0,CN(C)CCCN1C2=CC=CC=C2SC2=CC=CC=C12,1,0
1,DB00421,0,0,0,Spironolactone,0,[H][C@@]12CC[C@@]3(CCC(=O)O3)[C@@]1(C)CC[C@@]1([H])[C@@]2([H])[C@@]([H])(CC2=CC(=O)CC[C@]12C)SC(C)=O,0,0
1,DB00422,0,0,1,Methylphenidate,0,COC(=O)C(C1CCCCN1)C1=CC=CC=C1,0,0
1,DB00423,0,0,0,Methocarbamol,0,COC1=C(OCC(O)COC(N)=O)C=CC=C1,1,0
1,DB00424,0,0,0,Hyoscyamine,0,CN1[C@H]2CC[C@@H]1C[C@@H](C2)OC(=O)[C@H](CO)C1=CC=CC=C1,0,0
1,DB00425,0,0,0,Zolpidem,0,CN(C)C(=O)CC1=C(N=C2C=CC(C)=CN12)C1=CC=C(C)C=C1,0,0
1,DB00426,0,0,1,Famciclovir,0,CC(=O)OCC(CCN1C=NC2=CN=C(N)N=C12)COC(C)=O,0,0
1,DB00427,0,0,0,Triprolidine,0,CC1=CC=C(C=C1)C(=C/CN1CCCC1)\C1=CC=CC=N1,0,0
1,DB00428,0,0,1,Streptozocin,0,CN(N=O)C(=O)N[C@H]1[C@@H](O)O[C@H](CO)[C@@H](O)[C@@H]1O,0,0
1,DB00429,0,0,0,Carboprost tromethamine,0,OCC([NH3+])(CO)CO.CCCCC[C@@](O)(C)\C=C\[C@H]1[C@@H](O)C[C@H](O)[C@@H]1C\C=C/CCCC(=O)[O-],0,0
1,DB00430,0,0,0,Cefpiramide,0,[H][C@]12SCC(CSC3=NN=NN3C)=C(N1C(=O)[C@@]2([H])NC(=O)[C@H](NC(=O)C1=C(O)C=C(C)N=C1)C1=CC=C(O)C=C1)C(O)=O,0,0
1,DB00431,0,0,0,Lindane,0,Cl[C@H]1[C@H](Cl)[C@@H](Cl)[C@@H](Cl)[C@H](Cl)[C@H]1Cl,0,1
1,DB00432,0,0,1,Trifluridine,0,OC[C@H]1O[C@H](C[C@@H]1O)N1C=C(C(=O)NC1=O)C(F)(F)F,0,0
1,DB00433,0,0,0,Prochlorperazine,0,CN1CCN(CCCN2C3=CC=CC=C3SC3=C2C=C(Cl)C=C3)CC1,1,0
1,DB00434,0,0,0,Cyproheptadine,0,CN1CCC(CC1)=C1C2=CC=CC=C2C=CC2=CC=CC=C12,0,0
1,DB00435,0,0,0,Nitric Oxide,0,[N]=O,0,0
1,DB00436,0,0,0,Bendroflumethiazide,0,NS(=O)(=O)C1=CC2=C(NC(CC3=CC=CC=C3)NS2(=O)=O)C=C1C(F)(F)F,0,0
1,DB00437,0,0,0,Allopurinol,0,O=C1N=CN=C2NNC=C12,0,0
1,DB00438,0,0,0,Ceftazidime,0,[O-]C(=O)C1=C(CS[C@]2([H])[C@H](NC(=O)C(=N/OC(C)(C)C(O)=O)\C3=CSC(N)=N3)C(=O)N12)C[N+]1=CC=CC=C1,0,0
1,DB00439,0,0,0,Cerivastatin,0,COCC1=C(C2=CC=C(F)C=C2)C(\C=C\[C@@H](O)C[C@@H](O)CC(O)=O)=C(C(C)C)N=C1C(C)C,0,1
1,DB00440,0,0,0,Trimethoprim,0,COC1=CC(CC2=CN=C(N)N=C2N)=CC(OC)=C1OC,1,0
1,DB00441,0,0,0,Gemcitabine,0,NC1=NC(=O)N(C=C1)[C@@H]1O[C@H](CO)[C@@H](O)C1(F)F,0,0
1,DB00442,0,0,1,Entecavir,0,NC1=NC(=O)C2=C(N1)N(C=N2)[C@H]1C[C@H](O)[C@@H](CO)C1=C,0,0
1,DB00443,0,0,0,Betamethasone,0,[H][C@@]12C[C@H](C)[C@](O)(C(=O)CO)[C@@]1(C)C[C@H](O)[C@@]1(F)[C@@]2([H])CCC2=CC(=O)C=C[C@]12C,1,0
1,DB00444,0,0,0,Teniposide,0,[H][C@]12COC(=O)[C@]1([H])[C@]([H])(C1=CC(OC)=C(O)C(OC)=C1)C1=CC3=C(OCO3)C=C1[C@@]2([H])O[C@]1([H])O[C@]2([H])CO[C@]([H])(O[C@@]2([H])[C@]([H])(O)[C@@]1([H])O)C1=CC=CS1,0,0
1,DB00445,0,0,0,Epirubicin,0,COC1=CC=CC2=C1C(=O)C1=C(O)C3=C(C[C@](O)(C[C@@H]3O[C@H]3C[C@H](N)[C@@H](O)[C@H](C)O3)C(=O)CO)C(O)=C1C2=O,0,0
1,DB00446,0,0,0,Chloramphenicol,0,OC[C@@H](NC(=O)C(Cl)Cl)[C@H](O)C1=CC=C(C=C1)[N+]([O-])=O,1,0
1,DB00447,0,0,1,Loracarbef,0,N[C@@H](C(=O)N[C@H]1[C@H]2CCC(Cl)=C(N2C1=O)C(O)=O)C1=CC=CC=C1,0,1
1,DB00448,0,0,1,Lansoprazole,0,CC1=C(OCC(F)(F)F)C=CN=C1CS(=O)C1=NC2=CC=CC=C2N1,0,0
1,DB00449,0,0,0,Dipivefrin,0,CNCC(O)C1=CC(OC(=O)C(C)(C)C)=C(OC(=O)C(C)(C)C)C=C1,0,0
1,DB00450,0,0,0,Droperidol,0,FC1=CC=C(C=C1)C(=O)CCCN1CCC(=CC1)N1C(=O)NC2=CC=CC=C12,1,0
1,DB00451,0,0,0,Levothyroxine,0,N[C@@H](CC1=CC(I)=C(OC2=CC(I)=C(O)C(I)=C2)C(I)=C1)C(O)=O,0,0
1,DB00452,0,0,0,Framycetin,0,NC[C@@H]1O[C@H](O[C@@H]2[C@@H](CO)O[C@@H](O[C@@H]3[C@@H](O)[C@H](N)C[C@H](N)[C@H]3O[C@H]3O[C@H](CN)[C@@H](O)[C@H](O)[C@H]3N)[C@@H]2O)[C@H](N)[C@@H](O)[C@@H]1O,0,0
0,DB00453,1,0,0,Clomocycline,0,[H][C@@]12C[C@@]3([H])C(=C(O)[C@]1(O)C(=O)C(C(=O)NCO)=C(O)[C@H]2N(C)C)C(=O)C1=C(O)C=CC(Cl)=C1[C@@]3(C)O,0,0
1,DB00454,0,0,0,Meperidine,0,CCOC(=O)C1(CCN(C)CC1)C1=CC=CC=C1,0,0
1,DB00455,0,0,1,Loratadine,0,CCOC(=O)N1CCC(CC1)=C1C2=C(CCC3=C1N=CC=C3)C=C(Cl)C=C2,0,0
1,DB00456,0,0,1,Cefalotin,0,[H][C@]12SCC(COC(C)=O)=C(N1C(=O)[C@H]2NC(=O)CC1=CC=CS1)C(O)=O,1,0
1,DB00457,0,0,0,Prazosin,0,COC1=C(OC)C=C2C(N)=NC(=NC2=C1)N1CCN(CC1)C(=O)C1=CC=CO1,0,0
1,DB00458,0,0,0,Imipramine,0,CN(C)CCCN1C2=CC=CC=C2CCC2=CC=CC=C12,0,0
1,DB00459,0,0,0,Acitretin,0,COC1=C(C)C(C)=C(\C=C\C(\C)=C\C=C\C(\C)=C\C(O)=O)C(C)=C1,0,0
1,DB00460,0,0,1,Verteporfin,0,COC(=O)CCC1=C2NC(\C=C3/N=C(/C=C4\N\C(=C/C5=N/C(=C\2)/C(CCC(O)=O)=C5C)C(C=C)=C4C)C2=CC=C([C@@H](C(=O)OC)[C@@]32C)C(=O)OC)=C1C,0,0
1,DB00461,0,0,0,Nabumetone,0,COC1=CC2=C(C=C1)C=C(CCC(C)=O)C=C2,0,0
1,DB00462,0,0,0,Methscopolamine bromide,0,[Br-].[H][C@]12C[C@@H](C[C@@]([H])(C3OC13)[N+]2(C)C)OC(=O)[C@H](CO)C1=CC=CC=C1,0,0
0,DB00463,0,0,0,Metharbital,0,CCC1(CC)C(=O)NC(=O)N(C)C1=O,0,1
1,DB00464,0,0,1,Sodium Tetradecyl Sulfate,0,[Na+].CCCCC(CC)CCC(CC(C)C)OS([O-])(=O)=O,0,0
1,DB00465,0,0,0,Ketorolac,0,OC(=O)C1CCN2C1=CC=C2C(=O)C1=CC=CC=C1,0,0
0,DB00466,1,0,0,Picrotoxin,0,[H][C@@]12OC(=O)[C@@]34OC3C[C@@](O)(C3[C@@H](C1OC3=O)C(C)=C)[C@@]24C.[H][C@@]12C[C@@]3(O)C4[C@@H](C(OC4=O)[C@@]4([H])OC(=O)[C@]1(O2)[C@@]34C)C(C)(C)O,0,0
1,DB00467,0,0,1,Enoxacin,0,CCN1C=C(C(O)=O)C(=O)C2=CC(F)=C(N=C12)N1CCNCC1,0,0
1,DB00468,0,0,0,Quinine,0,[H][C@]1(C[C@@H]2CC[N@]1C[C@@H]2C=C)[C@H](O)C1=CC=NC2=CC=C(OC)C=C12,0,0
1,DB00469,0,0,0,Tenoxicam,0,CN1C(C(=O)NC2=CC=CC=N2)=C(O)C2=C(C=CS2)S1(=O)=O,0,0
1,DB00470,0,1,0,Dronabinol,0,[H][C@@]12C=C(C)CC[C@@]1([H])C(C)(C)OC1=C2C(O)=CC(CCCCC)=C1,0,0
1,DB00471,0,0,0,Montelukast,0,OC(=O)CC1(CC1)CS[C@H](CCC1=CC=CC=C1C(O)(C)C)C1=CC=CC(\C=C\C2=NC3=C(C=CC(Cl)=C3)C=C2)=C1,0,0
1,DB00472,0,0,0,Fluoxetine,0,CNCCC(OC1=CC=C(C=C1)C(F)(F)F)C1=CC=CC=C1,1,0
1,DB00473,0,0,0,Hexylcaine,0,CC(CNC1CCCCC1)OC(=O)C1=CC=CC=C1,0,1
1,DB00474,0,0,0,Methohexital,0,CCC#CC(C)C1(CC=C)C(=O)NC(=O)N(C)C1=O,0,0
1,DB00475,0,1,1,Chlordiazepoxide,0,CNC1=NC2=C(C=C(Cl)C=C2)C(C2=CC=CC=C2)=[N+]([O-])C1,0,0
1,DB00476,0,0,0,Duloxetine,0,CNCC[C@H](OC1=CC=CC2=CC=CC=C12)C1=CC=CS1,0,0
1,DB00477,0,0,1,Chlorpromazine,0,CN(C)CCCN1C2=CC=CC=C2SC2=C1C=C(Cl)C=C2,1,0
1,DB00478,0,0,1,Rimantadine,0,CC(N)C12CC3CC(CC(C3)C1)C2,0,0
1,DB00479,0,0,1,Amikacin,0,NCC[C@H](O)C(=O)N[C@@H]1C[C@H](N)[C@@H](O[C@H]2O[C@H](CN)[C@@H](O)[C@H](O)[C@H]2O)[C@H](O)[C@H]1O[C@H]1O[C@H](CO)[C@@H](O)[C@H](N)[C@H]1O,1,0
1,DB00480,0,0,0,Lenalidomide,0,NC1=CC=CC2=C1CN(C1CCC(=O)NC1=O)C2=O,0,0
1,DB00481,0,0,1,Raloxifene,0,OC1=CC=C(C=C1)C1=C(C(=O)C2=CC=C(OCCN3CCCCC3)C=C2)C2=C(S1)C=C(O)C=C2,0,0
1,DB00482,0,0,1,Celecoxib,0,CC1=CC=C(C=C1)C1=CC(=NN1C1=CC=C(C=C1)S(N)(=O)=O)C(F)(F)F,0,0
1,DB00483,0,0,0,Gallamine Triethiodide,0,[I-].[I-].[I-].CC[N+](CC)(CC)CCOC1=CC=CC(OCC[N+](CC)(CC)CC)=C1OCC[N+](CC)(CC)CC,0,0
1,DB00484,0,0,0,Brimonidine,0,BrC1=C(NC2=NCCN2)C=CC2=NC=CN=C12,0,0
1,DB00485,0,0,1,Dicloxacillin,0,[H][C@]12SC(C)(C)[C@@H](N1C(=O)[C@H]2NC(=O)C1=C(C)ON=C1C1=C(Cl)C=CC=C1Cl)C(O)=O,1,0
1,DB00486,0,0,1,Nabilone,0,[H][C@@]12CC(=O)CC[C@@]1([H])C(C)(C)OC1=CC(=CC(O)=C21)C(C)(C)CCCCCC,0,0
1,DB00487,0,0,0,Pefloxacin,0,CCN1C=C(C(O)=O)C(=O)C2=CC(F)=C(C=C12)N1CCN(C)CC1,0,0
1,DB00488,0,0,0,Altretamine,0,CN(C)C1=NC(=NC(=N1)N(C)C)N(C)C,0,0
1,DB00489,0,0,0,Sotalol,0,CC(C)NCC(O)C1=CC=C(NS(C)(=O)=O)C=C1,0,0
1,DB00490,0,0,1,Buspirone,0,O=C1CC2(CCCC2)CC(=O)N1CCCCN1CCN(CC1)C1=NC=CC=N1,0,0
1,DB00491,0,0,0,Miglitol,0,OCCN1C[C@H](O)[C@@H](O)[C@H](O)[C@H]1CO,0,0
1,DB00492,0,0,0,Fosinopril,0,CCC(=O)O[C@@H](O[P@](=O)(CCCCC1=CC=CC=C1)CC(=O)N1C[C@@H](C[C@H]1C(O)=O)C1CCCCC1)C(C)C,0,0
1,DB00493,0,0,0,Cefotaxime,0,[H][C@]12SCC(COC(C)=O)=C(N1C(=O)[C@H]2NC(=O)C(=N/OC)\C1=CSC(N)=N1)C(O)=O,0,0
1,DB00494,0,0,1,Entacapone,0,CCN(CC)C(=O)C(=C\C1=CC(=C(O)C(O)=C1)[N+]([O-])=O)\C#N,0,0
1,DB00495,0,0,0,Zidovudine,0,CC1=CN([C@H]2C[C@H](N=[N+]=[N-])[C@@H](CO)O2)C(=O)NC1=O,0,0
1,DB00496,0,0,1,Darifenacin,0,NC(=O)C([C@@H]1CCN(CCC2=CC3=C(OCC3)C=C2)C1)(C1=CC=CC=C1)C1=CC=CC=C1,0,0
1,DB00497,0,1,1,Oxycodone,0,[H][C@@]12OC3=C(OC)C=CC4=C3[C@@]11CCN(C)[C@]([H])(C4)[C@]1(O)CCC2=O,0,0
1,DB00498,0,0,1,Phenindione,0,O=C1C(C(=O)C2=CC=CC=C12)C1=CC=CC=C1,0,0
1,DB00499,0,0,1,Flutamide,0,CC(C)C(=O)NC1=CC(=C(C=C1)[N+]([O-])=O)C(F)(F)F,0,0
1,DB00500,0,0,0,Tolmetin,0,CN1C(CC(O)=O)=CC=C1C(=O)C1=CC=C(C)C=C1,0,0
1,DB00501,0,0,1,Cimetidine,0,CN\C(NCCSCC1=C(C)NC=N1)=N\C#N,0,0
1,DB00502,0,0,0,Haloperidol,0,OC1(CCN(CCCC(=O)C2=CC=C(F)C=C2)CC1)C1=CC=C(Cl)C=C1,0,0
1,DB00503,0,0,1,Ritonavir,0,CC(C)[C@H](NC(=O)N(C)CC1=CSC(=N1)C(C)C)C(=O)N[C@H](C[C@H](O)[C@H](CC1=CC=CC=C1)NC(=O)OCC1=CN=CS1)CC1=CC=CC=C1,0,0
1,DB00504,0,0,0,Levallorphan,0,[H][C@@]12CCCC[C@@]11CCN(CC=C)[C@@H]2CC2=C1C=C(O)C=C2,0,0
0,DB00505,0,0,0,Tridihexethyl,0,CC[N+](CC)(CC)CCC(O)(C1CCCCC1)C1=CC=CC=C1,0,1
1,DB00507,0,0,1,Nitazoxanide,0,CC(=O)OC1=CC=CC=C1C(=O)NC1=NC=C(S1)[N+]([O-])=O,1,0
1,DB00508,0,0,0,Triflupromazine,0,CN(C)CCCN1C2=CC=CC=C2SC2=C1C=C(C=C2)C(F)(F)F,1,0
1,DB00509,0,0,1,Dextrothyroxine,0,N[C@H](CC1=CC(I)=C(OC2=CC(I)=C(O)C(I)=C2)C(I)=C1)C(O)=O,0,0
1,DB00511,0,0,0,Acetyldigitoxin,0,[H][C@@]1(CC[C@]2(O)[C@]3([H])CC[C@]4([H])C[C@H](CC[C@]4(C)[C@@]3([H])CC[C@]12C)O[C@H]1C[C@H](O)[C@H](O[C@H]2C[C@H](O)[C@H](O[C@H]3C[C@H](OC(C)=O)[C@H](O)[C@@H](C)O3)[C@@H](C)O2)[C@@H](C)O1)C1=CC(=O)OC1,0,0
1,DB00512,0,0,0,Vancomycin,0,CN[C@H](CC(C)C)C(=O)N[C@@H]1[C@H](O)C2=CC=C(OC3=C(O[C@@H]4O[C@H](CO)[C@@H](O)[C@H](O)[C@H]4O[C@H]4C[C@](C)(N)[C@H](O)[C@H](C)O4)C4=CC(=C3)[C@@H](NC(=O)[C@H](CC(N)=O)NC1=O)C(=O)N[C@@H]1C3=CC(=C(O)C=C3)C3=C(O)C=C(O)C=C3[C@H](NC(=O)[C@@H](NC1=O)[C@H](O)C1=CC(Cl)=C(O4)C=C1)C(O)=O)C(Cl)=C2,0,0
1,DB00513,0,0,1,Aminocaproic Acid,0,NCCCCCC(O)=O,0,0
1,DB00514,0,0,0,Dextromethorphan,0,[H][C@]12CC3=C(C=C(OC)C=C3)[C@@]3(CCCC[C@]13[H])CCN2C,0,0
1,DB00515,0,0,0,Cisplatin,0,[H][N]([H])([H])[Pt](Cl)(Cl)[N]([H])([H])[H],0,0
1,DB00517,0,0,0,Anisotropine methylbromide,0,[Br-].CCCC(CCC)C(=O)O[C@H]1CC2CCC(C1)[N+]2(C)C,0,0
1,DB00518,0,0,0,Albendazole,0,CCCSC1=CC2=C(C=C1)N=C(NC(=O)OC)N2,1,0
1,DB00519,0,0,0,Trandolapril,0,[H][C@@]12C[C@H](N(C(=O)[C@H](C)N[C@@H](CCC3=CC=CC=C3)C(=O)OCC)[C@@]1([H])CCCC2)C(O)=O,0,0
1,DB00520,0,0,0,Caspofungin,0,CCC(C)CC(C)CCCCCCCCC(=O)N[C@H]1C[C@@H](O)[C@@H](NCCN)NC(=O)[C@@H]2[C@@H](O)CCN2C(=O)[C@@H](NC(=O)[C@@H](NC(=O)[C@@H]2C[C@@H](O)CN2C(=O)[C@@H](NC1=O)[C@@H](C)O)[C@H](O)[C@@H](O)C1=CC=C(O)C=C1)[C@H](O)CCN,0,0
1,DB00521,0,0,0,Carteolol,0,CC(C)(C)NCC(O)COC1=CC=CC2=C1CCC(=O)N2,0,0
0,DB00522,0,0,1,Bentiromide,0,OC(=O)C1=CC=C(NC(=O)[C@H](CC2=CC=C(O)C=C2)NC(=O)C2=CC=CC=C2)C=C1,0,1
1,DB00523,0,0,1,Alitretinoin,0,C\C(\C=C\C1=C(C)CCCC1(C)C)=C\C=C\C(\C)=C\C(O)=O,0,0
1,DB00524,0,0,0,Metolazone,0,CC1NC2=CC(Cl)=C(C=C2C(=O)N1C1=CC=CC=C1C)S(N)(=O)=O,0,0
1,DB00525,0,0,1,Tolnaftate,0,CN(C(=S)OC1=CC2=CC=CC=C2C=C1)C1=CC=CC(C)=C1,1,0
1,DB00526,0,0,1,Oxaliplatin,0,[H][N]1([H])[C@@H]2CCCC[C@H]2[N]([H])([H])[Pt]11OC(=O)C(=O)O1,0,0
1,DB00527,0,0,0,Cinchocaine,0,CCCCOC1=NC2=CC=CC=C2C(=C1)C(=O)NCCN(CC)CC,1,0
1,DB00528,0,0,1,Lercanidipine,0,COC(=O)C1=C(C)NC(C)=C(C1C1=CC(=CC=C1)[N+]([O-])=O)C(=O)OC(C)(C)CN(C)CCC(C1=CC=CC=C1)C1=CC=CC=C1,0,0
1,DB00529,0,0,0,Foscarnet,0,OC(=O)P(O)(O)=O,0,0
1,DB00530,0,0,1,Erlotinib,0,COCCOC1=CC2=C(C=C1OCCOC)C(NC1=CC(=CC=C1)C#C)=NC=N2,0,0
1,DB00531,0,0,1,Cyclophosphamide,0,ClCCN(CCCl)P1(=O)NCCCO1,0,0
1,DB00532,0,0,1,Mephenytoin,0,CCC1(NC(=O)N(C)C1=O)C1=CC=CC=C1,0,1
1,DB00533,0,0,1,Rofecoxib,0,CS(=O)(=O)C1=CC=C(C=C1)C1=C(C(=O)OC1)C1=CC=CC=C1,0,1
1,DB00534,0,0,0,Chlormerodrin,0,COC(CNC(N)=O)C[Hg]Cl,0,1
1,DB00535,0,0,0,Cefdinir,0,[H][C@]12SCC(C=C)=C(N1C(=O)[C@H]2NC(=O)C(=N/O)\C1=CSC(N)=N1)C(O)=O,0,0
1,DB00536,0,0,0,Guanidine,0,NC(N)=N,0,0
1,DB00537,0,0,1,Ciprofloxacin,0,OC(=O)C1=CN(C2CC2)C2=CC(N3CCNCC3)=C(F)C=C2C1=O,0,0
1,DB00538,0,0,1,Gadoversetamide,0,[Gd+3].COCCNC(=O)CN(CCN(CCN(CC([O-])=O)CC(=O)NCCOC)CC([O-])=O)CC([O-])=O,0,0
1,DB00539,0,0,1,Toremifene,0,CN(C)CCOC1=CC=C(C=C1)C(=C(\CCCl)C1=CC=CC=C1)\C1=CC=CC=C1,0,0
1,DB00540,0,0,0,Nortriptyline,0,CNCCC=C1C2=CC=CC=C2CCC2=CC=CC=C12,0,0
1,DB00541,0,0,1,Vincristine,0,CC[C@]1(O)C[C@@H]2CN(C1)CCC1=C(NC3=CC=CC=C13)[C@@](C2)(C(=O)OC)C1=C(OC)C=C2N(C=O)[C@@H]3[C@]4(CCN5CC=C[C@](CC)([C@@H]45)[C@@H](OC(C)=O)[C@]3(O)C(=O)OC)C2=C1,0,0
1,DB00542,0,0,1,Benazepril,0,[H][C@@]1(CCC2=CC=CC=C2N(CC(O)=O)C1=O)N[C@@H](CCC1=CC=CC=C1)C(=O)OCC,0,0
1,DB00543,0,0,0,Amoxapine,0,ClC1=CC2=C(OC3=CC=CC=C3N=C2N2CCNCC2)C=C1,0,0
1,DB00544,0,0,0,Fluorouracil,0,FC1=CNC(=O)NC1=O,0,0
1,DB00545,0,0,1,Pyridostigmine,0,CN(C)C(=O)OC1=C[N+](C)=CC=C1,0,0
0,DB00546,1,0,0,Adinazolam,0,CN(C)CC1=NN=C2CN=C(C3=CC=CC=C3)C3=C(C=CC(Cl)=C3)N12,0,0
1,DB00547,0,0,0,Desoximetasone,0,[H][C@@]12C[C@@H](C)[C@H](C(=O)CO)[C@@]1(C)C[C@H](O)[C@@]1(F)[C@@]2([H])CCC2=CC(=O)C=C[C@]12C,0,0
1,DB00548,0,0,0,Azelaic acid,0,OC(=O)CCCCCCCC(O)=O,0,0
1,DB00549,0,0,1,Zafirlukast,0,COC1=CC(=CC=C1CC1=CN(C)C2=C1C=C(NC(=O)OC1CCCC1)C=C2)C(=O)NS(=O)(=O)C1=CC=CC=C1C,0,0
1,DB00550,0,0,1,Propylthiouracil,0,CCCC1=CC(=O)NC(=S)N1,0,0
1,DB00551,0,0,0,Acetohydroxamic acid,0,CC(=O)NO,0,0
1,DB00552,0,0,1,Pentostatin,0,OC[C@H]1O[C@H](C[C@@H]1O)N1C=NC2=C1N=CNC[C@H]2O,0,0
1,DB00553,0,0,0,Methoxsalen,0,COC1=C2OC(=O)C=CC2=CC2=C1OC=C2,0,0
1,DB00554,0,0,1,Piroxicam,0,CN1C(C(=O)NC2=NC=CC=C2)=C(O)C2=C(C=CC=C2)S1(=O)=O,0,0
1,DB00555,0,0,1,Lamotrigine,0,NC1=NC(N)=C(N=N1)C1=C(Cl)C(Cl)=CC=C1,0,0
1,DB00556,0,0,0,Perflutren,0,FC(F)(F)C(F)(F)C(F)(F)F,0,0
1,DB00557,0,0,0,Hydroxyzine,0,OCCOCCN1CCN(CC1)C(C1=CC=CC=C1)C1=CC=C(Cl)C=C1,0,0
1,DB00558,0,0,1,Zanamivir,0,[H][C@]1(OC(=C[C@H](N=C(N)N)[C@H]1NC(C)=O)C(O)=O)[C@H](O)[C@H](O)CO,0,0
1,DB00559,0,0,1,Bosentan,0,COC1=CC=CC=C1OC1=C(NS(=O)(=O)C2=CC=C(C=C2)C(C)(C)C)N=C(N=C1OCCO)C1=NC=CC=N1,0,0
1,DB00560,0,0,0,Tigecycline,0,[H][C@@]12CC3=C(C(O)=C(NC(=O)CNC(C)(C)C)C=C3N(C)C)C(=O)C1=C(O)[C@]1(O)C(=O)C(C(N)=O)=C(O)[C@@H](N(C)C)[C@]1([H])C2,0,0
1,DB00561,0,0,0,Doxapram,0,CCN1CC(CCN2CCOCC2)C(C1=O)(C1=CC=CC=C1)C1=CC=CC=C1,1,0
1,DB00562,0,0,0,Benzthiazide,0,NS(=O)(=O)C1=CC2=C(C=C1Cl)N=C(CSCC1=CC=CC=C1)NS2(=O)=O,0,0
1,DB00563,0,0,0,Methotrexate,0,CN(CC1=CN=C2N=C(N)N=C(N)C2=N1)C1=CC=C(C=C1)C(=O)N[C@@H](CCC(O)=O)C(O)=O,0,0
1,DB00564,0,0,1,Carbamazepine,0,NC(=O)N1C2=CC=CC=C2C=CC2=CC=CC=C12,0,0
1,DB00565,0,0,0,Cisatracurium,0,COC1=CC2=C(C=C1OC)[C@@H](CC1=CC(OC)=C(OC)C=C1)[N@@+](C)(CCC(=O)OCCCCCOC(=O)CC[N@@+]1(C)CCC3=C(C=C(OC)C(OC)=C3)[C@H]1CC1=CC(OC)=C(OC)C=C1)CC2,0,0
1,DB00566,0,0,0,Succimer,0,OC(=O)[C@@H](S)[C@@H](S)C(O)=O,0,0
1,DB00567,0,0,1,Cephalexin,0,[H][C@]12SCC(C)=C(N1C(=O)[C@H]2NC(=O)[C@H](N)C1=CC=CC=C1)C(O)=O,1,0
1,DB00568,0,0,1,Cinnarizine,0,C(C=CC1=CC=CC=C1)N1CCN(CC1)C(C1=CC=CC=C1)C1=CC=CC=C1,0,0
1,DB00569,0,0,1,Fondaparinux,0,CO[C@H]1O[C@H](COS(O)(=O)=O)[C@@H](O[C@@H]2O[C@H]([C@@H](O[C@H]3O[C@H](COS(O)(=O)=O)[C@@H](O[C@@H]4O[C@@H]([C@@H](O[C@H]5O[C@H](COS(O)(=O)=O)[C@@H](O)[C@H](O)[C@H]5NS(O)(=O)=O)[C@H](O)[C@H]4O)C(O)=O)[C@H](OS(O)(=O)=O)[C@H]3NS(O)(=O)=O)[C@H](O)[C@H]2OS(O)(=O)=O)C(O)=O)[C@H](O)[C@H]1NS(O)(=O)=O,0,0
1,DB00570,0,0,0,Vinblastine,0,[H][C@@]12N(C)C3=CC(OC)=C(C=C3[C@@]11CCN3CC=C[C@](CC)([C@@]13[H])[C@@]([H])(OC(C)=O)[C@]2(O)C(=O)OC)[C@]1(C[C@@]2([H])CN(C[C@](O)(CC)C2)CCC2=C1NC1=CC=CC=C21)C(=O)OC,0,0
1,DB00571,0,0,1,Propranolol,0,CC(C)NCC(O)COC1=CC=CC2=C1C=CC=C2,0,0
1,DB00572,0,0,0,Atropine,0,CN1[C@H]2CC[C@@H]1C[C@@H](C2)OC(=O)C(CO)C1=CC=CC=C1,1,0
1,DB00573,0,0,0,Fenoprofen,0,CC(C(O)=O)C1=CC(OC2=CC=CC=C2)=CC=C1,0,0
1,DB00574,0,1,1,Fenfluramine,0,CCNC(C)CC1=CC(=CC=C1)C(F)(F)F,0,1
1,DB00575,0,0,0,Clonidine,0,ClC1=CC=CC(Cl)=C1NC1=NCCN1,0,0
1,DB00576,0,0,1,Sulfamethizole,0,CC1=NN=C(NS(=O)(=O)C2=CC=C(N)C=C2)S1,1,0
1,DB00577,0,0,1,Valaciclovir,0,CC(C)[C@H](N)C(=O)OCCOCN1C=NC2=C1NC(N)=NC2=O,0,0
1,DB00578,0,0,1,Carbenicillin,0,[H][C@]12SC(C)(C)[C@@H](N1C(=O)[C@H]2NC(=O)C(C(O)=O)C1=CC=CC=C1)C(O)=O,0,0
1,DB00579,0,0,1,Mazindol,0,OC1(N2CCN=C2C2=CC=CC=C12)C1=CC=C(Cl)C=C1,0,0
1,DB00580,0,0,1,Valdecoxib,0,CC1=C(C(=NO1)C1=CC=CC=C1)C1=CC=C(C=C1)S(N)(=O)=O,0,1
1,DB00581,0,0,0,Lactulose,0,OC[C@H]1O[C@](O)(CO)[C@@H](O)[C@@H]1O[C@@H]1O[C@H](CO)[C@H](O)[C@H](O)[C@H]1O,0,0
1,DB00582,0,0,1,Voriconazole,0,C[C@@H](C1=NC=NC=C1F)[C@](O)(CN1C=NC=N1)C1=C(F)C=C(F)C=C1,0,0
1,DB00583,0,0,1,Levocarnitine,0,C[N+](C)(C)C[C@H](O)CC([O-])=O,0,0
1,DB00584,0,0,0,Enalapril,0,CCOC(=O)[C@H](CCC1=CC=CC=C1)N[C@@H](C)C(=O)N1CCC[C@H]1C(O)=O,1,0
1,DB00585,0,0,0,Nizatidine,0,CNC(NCCSCC1=CSC(CN(C)C)=N1)=C[N+]([O-])=O,0,0
1,DB00586,0,0,0,Diclofenac,0,OC(=O)CC1=CC=CC=C1NC1=C(Cl)C=CC=C1Cl,1,0
0,DB00587,1,0,0,Cinalukast,0,CCC(CC)(CC(=O)NC1=CC(\C=C\C2=NC(=CS2)C2CCC2)=CC=C1)C(O)=O,0,0
1,DB00588,0,0,0,Fluticasone propionate,0,[H][C@@]12C[C@@H](C)[C@](OC(=O)CC)(C(=O)SCF)[C@@]1(C)C[C@H](O)[C@@]1(F)[C@@]2([H])C[C@H](F)C2=CC(=O)C=C[C@]12C,0,0
1,DB00589,0,0,1,Lisuride,0,[H][C@@]12CC3=CNC4=CC=CC(=C34)C1=C[C@@H](CN2C)NC(=O)N(CC)CC,0,0
1,DB00590,0,0,0,Doxazosin,0,COC1=C(OC)C=C2C(N)=NC(=NC2=C1)N1CCN(CC1)C(=O)C1COC2=CC=CC=C2O1,0,0
1,DB00591,0,0,1,Fluocinolone acetonide,0,[H][C@@]12C[C@@]3([H])[C@]4([H])C[C@H](F)C5=CC(=O)C=C[C@]5(C)[C@@]4(F)[C@@H](O)C[C@]3(C)[C@@]1(OC(C)(C)O2)C(=O)CO,1,0
1,DB00592,0,0,0,Piperazine,0,C1CNCCN1,1,0
1,DB00593,0,0,0,Ethosuximide,0,CCC1(C)CC(=O)NC1=O,0,0
1,DB00594,0,0,0,Amiloride,0,NC(N)=NC(=O)C1=C(N)N=C(N)C(Cl)=N1,0,0
1,DB00595,0,0,1,Oxytetracycline,0,[H][C@@]12[C@@H](O)[C@@]3([H])C(C(=O)C4=C(C=CC=C4O)[C@@]3(C)O)=C(O)[C@]1(O)C(=O)C(C(N)=O)=C(O)[C@H]2N(C)C,1,0
1,DB00596,0,0,0,Ulobetasol,0,[H][C@@]12C[C@H](C)[C@](O)(C(=O)CCl)[C@@]1(C)C[C@H](O)[C@@]1(F)[C@@]2([H])C[C@H](F)C2=CC(=O)C=C[C@]12C,0,0
1,DB00597,0,0,1,Gadoteridol,0,[Gd+3].CC(O)CN1CCN(CC([O-])=O)CCN(CC([O-])=O)CCN(CC([O-])=O)CC1,0,0
1,DB00598,0,0,0,Labetalol,0,CC(CCC1=CC=CC=C1)NCC(O)C1=CC(C(N)=O)=C(O)C=C1,0,0
1,DB00599,0,0,0,Thiopental,0,CCCC(C)C1(CC)C(=O)NC(=S)NC1=O,1,0
1,DB00600,0,0,0,Monobenzone,0,OC1=CC=C(OCC2=CC=CC=C2)C=C1,0,0
1,DB00601,0,0,1,Linezolid,0,CC(=O)NC[C@H]1CN(C(=O)O1)C1=CC(F)=C(C=C1)N1CCOCC1,0,0
1,DB00602,0,0,1,Ivermectin,0,CO[C@H]1C[C@@H](O[C@@H](C)[C@@H]1O)O[C@H]1[C@H](C)O[C@H](C[C@@H]1OC)O[C@H]1[C@@H](C)\C=C\C=C2/CO[C@@H]3[C@H](O)C(C)=C[C@@H](C(=O)O[C@H]4C[C@@H](C\C=C1/C)O[C@@]1(CC[C@H](C)[C@@H](C(C)C)O1)C4)[C@]23O.CC[C@@H](C)[C@H]1O[C@@]2(CC[C@@H]1C)O[C@@H]1C\C=C(C)\[C@@H](O[C@@H]3O[C@@H](C)[C@H](O[C@@H]4O[C@@H](C)[C@H](O)[C@@H](OC)C4)[C@@H](OC)C3)[C@@H](C)\C=C\C=C3/CO[C@@H]4[C@H](O)C(C)=C[C@@H](C(=O)O[C@@H](C1)C2)[C@]34O,1,0
1,DB00603,0,0,1,Medroxyprogesterone acetate,0,[H][C@@]12CC[C@](OC(C)=O)(C(C)=O)[C@@]1(C)CC[C@@]1([H])[C@@]2([H])C[C@H](C)C2=CC(=O)CC[C@]12C,0,0
1,DB00604,0,0,1,Cisapride,0,CO[C@H]1CN(CCCOC2=CC=C(F)C=C2)CC[C@H]1NC(=O)C1=CC(Cl)=C(N)C=C1OC,0,1
1,DB00605,0,0,1,Sulindac,0,CC1=C(CC(O)=O)C2=CC(F)=CC=C2\C1=C/C1=CC=C(C=C1)S(C)=O,0,0
1,DB00606,0,0,0,Cyclothiazide,0,NS(=O)(=O)C1=C(Cl)C=C2NC(NS(=O)(=O)C2=C1)C1CC2CC1C=C2,0,0
1,DB00607,0,0,1,Nafcillin,0,[H][C@]12SC(C)(C)[C@@H](N1C(=O)[C@H]2NC(=O)C1=C(OCC)C=CC2=CC=CC=C12)C(O)=O,0,0
1,DB00608,0,0,1,Chloroquine,0,CCN(CC)CCCC(C)NC1=C2C=CC(Cl)=CC2=NC=C1,1,0
1,DB00609,0,0,0,Ethionamide,0,CCC1=NC=CC(=C1)C(N)=S,0,0
1,DB00610,0,0,1,Metaraminol,0,C[C@H](N)[C@H](O)C1=CC(O)=CC=C1,0,0
1,DB00611,0,1,0,Butorphanol,0,[H][C@@]12CC3=C(C=C(O)C=C3)[C@]3(CCCC[C@@]13O)CCN2CC1CCC1,1,0
1,DB00612,0,0,0,Bisoprolol,0,CC(C)NCC(O)COC1=CC=C(COCCOC(C)C)C=C1,0,0
1,DB00613,0,0,1,Amodiaquine,0,CCN(CC)CC1=C(O)C=CC(NC2=C3C=CC(Cl)=CC3=NC=C2)=C1,0,0
0,DB00614,1,0,0,Furazolidone,0,[H]C(=NN1CCOC1=O)C1=CC=C(O1)[N+]([O-])=O,1,0
1,DB00615,0,0,1,Rifabutin,0,CO[C@H]1\C=C\O[C@@]2(C)OC3=C(C2=O)C2=C(C(O)=C3C)C(=O)C(NC(=O)\C(C)=C/C=C/[C@H](C)[C@H](O)[C@@H](C)[C@@H](O)[C@@H](C)[C@H](OC(C)=O)[C@@H]1C)=C1NC3(CCN(CC3)CC(C)C)N=C21,0,0
0,DB00616,1,0,0,Candoxatril,0,COCCOC[C@H](CC1(CCCC1)C(=O)N[C@H]1CC[C@H](CC1)C(O)=O)C(=O)OC1=CC2=C(CCC2)C=C1,0,0
1,DB00617,0,0,0,Paramethadione,0,CCC1(C)OC(=O)N(C)C1=O,0,0
1,DB00618,0,0,0,Demeclocycline,0,[H][C@]12C[C@@]3([H])[C@H](N(C)C)C(O)=C(C(N)=O)C(=O)[C@@]3(O)C(O)=C1C(=O)C1=C([C@H]2O)C(Cl)=CC=C1O,0,0
1,DB00619,0,0,0,Imatinib,0,CN1CCN(CC2=CC=C(C=C2)C(=O)NC2=CC(NC3=NC=CC(=N3)C3=CN=CC=C3)=C(C)C=C2)CC1,0,0
1,DB00620,0,0,0,Triamcinolone,0,[H][C@@]12C[C@@H](O)[C@](O)(C(=O)CO)[C@@]1(C)C[C@H](O)[C@@]1(F)[C@@]2([H])CCC2=CC(=O)C=C[C@]12C,1,0
1,DB00621,0,0,1,Oxandrolone,0,[H][C@@]12CC[C@](C)(O)[C@@]1(C)CC[C@@]1([H])[C@@]2([H])CC[C@@]2([H])CC(=O)OC[C@]12C,0,0
1,DB00622,0,0,1,Nicardipine,0,COC(=O)C1=C(C)NC(C)=C(C1C1=CC(=CC=C1)[N+]([O-])=O)C(=O)OCCN(C)CC1=CC=CC=C1,0,0
1,DB00623,0,0,0,Fluphenazine,0,OCCN1CCN(CCCN2C3=CC=CC=C3SC3=C2C=C(C=C3)C(F)(F)F)CC1,0,0
1,DB00624,0,0,1,Testosterone,0,C[C@]12CC[C@H]3[C@@H](CCC4=CC(=O)CC[C@]34C)[C@@H]1CC[C@@H]2O,0,0
1,DB00625,0,0,1,Efavirenz,0,FC(F)(F)[C@]1(OC(=O)NC2=C1C=C(Cl)C=C2)C#CC1CC1,0,0
1,DB00626,0,0,0,Bacitracin,0,CC[C@H](C)[C@H](N)C1=N[C@@H](CS1)C(=O)N[C@@H](CC(C)C)C(=O)N[C@H](CCC(O)=O)C(=O)N[C@@H]([C@@H](C)CC)C(=O)N[C@H]1CCCCNC(=O)[C@H](CC(N)=O)NC(=O)[C@@H](CC(O)=O)NC(=O)[C@H](CC2=CNC=N2)NC(=O)[C@@H](CC2=CC=CC=C2)NC(=O)[C@@H](NC(=O)[C@@H](CCCN)NC1=O)[C@@H](C)CC,1,0
1,DB00627,0,0,1,Niacin,1,OC(=O)C1=CN=CC=C1,0,0
1,DB00628,0,1,0,Clorazepic acid,0,OC(=O)C1N=C(C2=CC=CC=C2)C2=C(NC1=O)C=CC(Cl)=C2,0,0
1,DB00629,0,0,1,Guanabenz,0,NC(N)=NN=CC1=C(Cl)C=CC=C1Cl,0,0
1,DB00630,0,0,0,Alendronic acid,0,NCCCC(O)(P(O)(O)=O)P(O)(O)=O,0,0
1,DB00631,0,0,1,Clofarabine,0,[H][C@]1(F)[C@H](O)[C@@H](CO)O[C@H]1N1C=NC2=C(N)N=C(Cl)N=C12,0,0
1,DB00632,0,0,1,Docosanol,0,CCCCCCCCCCCCCCCCCCCCCCO,0,0
1,DB00633,0,0,0,Dexmedetomidine,0,C[C@H](C1=CNC=N1)C1=C(C)C(C)=CC=C1,1,0
1,DB00634,0,0,0,Sulfacetamide,0,CC(=O)NS(=O)(=O)C1=CC=C(N)C=C1,0,0
1,DB00635,0,0,0,Prednisone,0,[H][C@@]12CC[C@](O)(C(=O)CO)[C@@]1(C)CC(=O)[C@@]1([H])[C@@]2([H])CCC2=CC(=O)C=C[C@]12C,1,0
1,DB00636,0,0,1,Clofibrate,0,CCOC(=O)C(C)(C)OC1=CC=C(Cl)C=C1,0,0
1,DB00637,0,0,0,Astemizole,0,COC1=CC=C(CCN2CCC(CC2)NC2=NC3=CC=CC=C3N2CC2=CC=C(F)C=C2)C=C1,0,1
1,DB00638,0,0,1,Inulin,1,OC[C@H]1O[C@@](CO)(OC[C@@]2(OC[C@@]3(OC[C@@]4(OC[C@@]5(OC[C@@]6(OC[C@@]7(OC[C@@]8(OC[C@@]9(OC[C@@]%10(OC[C@@]%11(OC[C@@]%12(OC[C@@]%13(OC[C@@]%14(OC[C@@]%15(OC[C@@]%16(OC[C@@]%17(OC[C@@]%18(OC[C@@]%19(OC[C@@]%20(OC[C@@]%21(OC[C@@]%22(OC[C@@]%23(OC[C@@]%24(OC[C@@]%25(OC[C@@]%26(OC[C@@]%27(OC[C@@]%28(OC[C@@]%29(OC[C@@]%30(OC[C@@]%31(OC[C@@]%32(OC[C@@]%33(OC[C@@]%34(OC[C@@]%35(OC[C@@]%36(OC[C@@]%37(O[C@H]%38O[C@H](CO)[C@@H](O)[C@H](O)[C@H]%38O)O[C@H](CO)[C@@H](O)[C@@H]%37O)O[C@H](CO)[C@@H](O)[C@@H]%36O)O[C@H](CO)[C@@H](O)[C@@H]%35O)O[C@H](CO)[C@@H](O)[C@@H]%34O)O[C@H](CO)[C@@H](O)[C@@H]%33O)O[C@H](CO)[C@@H](O)[C@@H]%32O)O[C@H](CO)[C@@H](O)[C@@H]%31O)O[C@H](CO)[C@@H](O)[C@@H]%30O)O[C@H](CO)[C@@H](O)[C@@H]%29O)O[C@H](CO)[C@@H](O)[C@@H]%28O)O[C@H](CO)[C@@H](O)[C@@H]%27O)O[C@H](CO)[C@@H](O)[C@@H]%26O)O[C@H](CO)[C@@H](O)[C@@H]%25O)O[C@H](CO)[C@@H](O)[C@@H]%24O)O[C@H](CO)[C@@H](O)[C@@H]%23O)O[C@H](CO)[C@@H](O)[C@@H]%22O)O[C@H](CO)[C@@H](O)[C@@H]%21O)O[C@H](CO)[C@@H](O)[C@@H]%20O)O[C@H](CO)[C@@H](O)[C@@H]%19O)O[C@H](CO)[C@@H](O)[C@@H]%18O)O[C@H](CO)[C@@H](O)[C@@H]%17O)O[C@H](CO)[C@@H](O)[C@@H]%16O)O[C@H](CO)[C@@H](O)[C@@H]%15O)O[C@H](CO)[C@@H](O)[C@@H]%14O)O[C@H](CO)[C@@H](O)[C@@H]%13O)O[C@H](CO)[C@@H](O)[C@@H]%12O)O[C@H](CO)[C@@H](O)[C@@H]%11O)O[C@H](CO)[C@@H](O)[C@@H]%10O)O[C@H](CO)[C@@H](O)[C@@H]9O)O[C@H](CO)[C@@H](O)[C@@H]8O)O[C@H](CO)[C@@H](O)[C@@H]7O)O[C@H](CO)[C@@H](O)[C@@H]6O)O[C@H](CO)[C@@H](O)[C@@H]5O)O[C@H](CO)[C@@H](O)[C@@H]4O)O[C@H](CO)[C@@H](O)[C@@H]3O)O[C@H](CO)[C@@H](O)[C@@H]2O)[C@@H](O)[C@@H]1O,0,0
1,DB00639,0,0,0,Butoconazole,0,ClC1=CC=C(CCC(CN2C=CN=C2)SC2=C(Cl)C=CC=C2Cl)C=C1,0,0
1,DB00640,0,0,1,Adenosine,0,NC1=C2N=CN([C@@H]3O[C@H](CO)[C@@H](O)[C@H]3O)C2=NC=N1,0,0
1,DB00641,0,0,0,Simvastatin,0,[H][C@]12[C@H](C[C@@H](C)C=C1C=C[C@H](C)[C@@H]2CC[C@@H]1C[C@@H](O)CC(=O)O1)OC(=O)C(C)(C)CC,0,0
1,DB00642,0,0,1,Pemetrexed,0,[H][C@@](CCC(O)=O)(NC(=O)C1=CC=C(CCC2=CNC3=C2C(O)=NC(=N)N3)C=C1)C(O)=O,0,0
1,DB00643,0,0,0,Mebendazole,0,COC(=O)NC1=NC2=C(N1)C=C(C=C2)C(=O)C1=CC=CC=C1,1,0
1,DB00644,0,0,1,Gonadorelin,0,CC(C)CC(NC(=O)CNC(=O)C(CC1=CC=C(O)C=C1)NC(=O)C(CO)NC(=O)C(CC1=CNC2=CC=CC=C12)NC(=O)C(CC1=CN=CN1)NC(=O)C1CCC(=O)N1)C(=O)NC(CCCN=C(N)N)C(=O)N1CCCC1C(=O)NCC(N)=O,1,0
1,DB00645,0,0,0,Dyclonine,0,CCCCOC1=CC=C(C=C1)C(=O)CCN1CCCCC1,0,0
1,DB00646,0,0,0,Nystatin,0,C[C@H]1OC(OC2CC(O)C(C(O)CC(=O)CC(O)C(O)CCC(O)CC(O)CC(O)CC(=O)OC(C)C(C)C(O)C(C)\C=C\C=C\CC\C=C\C=C\C=C\C=C\2)C(O)=O)[C@@H](O)[C@@H](N)[C@@H]1O,1,0
1,DB00647,0,1,1,Dextropropoxyphene,0,CCC(=O)O[C@@](CC1=CC=CC=C1)([C@H](C)CN(C)C)C1=CC=CC=C1,0,1
1,DB00648,0,0,0,Mitotane,0,ClC(Cl)C(C1=CC=C(Cl)C=C1)C1=CC=CC=C1Cl,0,0
1,DB00649,0,0,1,Stavudine,0,CC1=CN([C@@H]2O[C@H](CO)C=C2)C(=O)NC1=O,0,0
1,DB00650,0,0,0,Leucovorin,0,[H]C(=O)N1C(CNC2=CC=C(C=C2)C(=O)N[C@@H](CCC(O)=O)C(O)=O)CNC2=C1C(=O)NC(N)=N2,0,0
1,DB00651,0,0,0,Dyphylline,0,CN1C2=C(N(CC(O)CO)C=N2)C(=O)N(C)C1=O,0,0
1,DB00652,0,0,0,Pentazocine,0,C[C@H]1[C@H]2CC3=CC=C(O)C=C3[C@]1(C)CCN2CC=C(C)C,1,0
1,DB00653,0,0,1,Magnesium sulfate,0,[Mg++].[O-]S([O-])(=O)=O,1,0
1,DB00654,0,0,1,Latanoprost,0,CC(C)OC(=O)CCC\C=C/C[C@H]1[C@@H](O)C[C@@H](O)[C@@H]1CC[C@@H](O)CCC1=CC=CC=C1,0,0
1,DB00655,0,0,0,Estrone,0,[H][C@@]12CCC(=O)[C@@]1(C)CC[C@]1([H])C3=C(CC[C@@]21[H])C=C(O)C=C3,0,0
1,DB00656,0,0,1,Trazodone,0,ClC1=CC=CC(=C1)N1CCN(CCCN2N=C3C=CC=CN3C2=O)CC1,0,0
1,DB00657,0,0,1,Mecamylamine,0,CNC1(C)C2CCC(C2)C1(C)C,0,0
1,DB00658,0,0,0,Sevelamer,0,NCC=C.ClCC1CO1,0,0
1,DB00659,0,0,1,Acamprosate,0,CC(=O)NCCCS(O)(=O)=O,0,0
1,DB00660,0,0,0,Metaxalone,0,CC1=CC(OCC2CNC(=O)O2)=CC(C)=C1,0,0
1,DB00661,0,0,0,Verapamil,0,COC1=C(OC)C=C(CCN(C)CCCC(C#N)(C(C)C)C2=CC(OC)=C(OC)C=C2)C=C1,0,0
1,DB00662,0,0,1,Trimethobenzamide,0,COC1=CC(=CC(OC)=C1OC)C(=O)NCC1=CC=C(OCCN(C)C)C=C1,0,0
1,DB00663,0,0,0,Flumethasone,0,[H][C@@]12C[C@@H](C)[C@](O)(C(=O)CO)[C@@]1(C)C[C@H](O)[C@@]1(F)[C@@]2([H])C[C@H](F)C2=CC(=O)C=C[C@]12C,1,0
1,DB00664,0,0,0,Sulfametopyrazine,0,COC1=NC=CN=C1NS(=O)(=O)C1=CC=C(N)C=C1,0,1
1,DB00665,0,0,1,Nilutamide,0,CC1(C)NC(=O)N(C1=O)C1=CC(=C(C=C1)[N+]([O-])=O)C(F)(F)F,0,0
1,DB00666,0,0,0,Nafarelin,0,CC(C)C[C@H](NC(=O)[C@@H](CC1=CC2=CC=CC=C2C=C1)NC(=O)[C@H](CC1=CC=C(O)C=C1)NC(=O)[C@H](CO)NC(=O)[C@H](CC1=CNC2=CC=CC=C12)NC(=O)[C@H](CC1=CN=CN1)NC(=O)[C@@H]1CCC(=O)N1)C(=O)N[C@@H](CCCN=C(N)N)C(=O)N1CCC[C@H]1C(=O)NCC(N)=O,0,0
1,DB00668,0,0,0,Epinephrine,0,CNC[C@H](O)C1=CC(O)=C(O)C=C1,1,0
1,DB00669,0,0,1,Sumatriptan,0,CNS(=O)(=O)CC1=CC2=C(NC=C2CCN(C)C)C=C1,0,0
1,DB00670,0,0,0,Pirenzepine,0,CN1CCN(CC(=O)N2C3=CC=CC=C3C(=O)NC3=C2N=CC=C3)CC1,0,0
1,DB00671,0,0,1,Cefixime,0,[H][C@]12SCC(C=C)=C(N1C(=O)[C@H]2NC(=O)C(=N/OCC(O)=O)\C1=CSC(N)=N1)C(O)=O,0,0
1,DB00672,0,0,1,Chlorpropamide,0,CCCNC(=O)NS(=O)(=O)C1=CC=C(Cl)C=C1,0,0
1,DB00673,0,0,1,Aprepitant,0,C[C@@H](O[C@H]1OCCN(CC2=NNC(=O)N2)[C@H]1C1=CC=C(F)C=C1)C1=CC(=CC(=C1)C(F)(F)F)C(F)(F)F,0,0
1,DB00674,0,0,0,Galantamine,0,[H][C@]12C[C@@H](O)C=C[C@]11CCN(C)CC3=C1C(O2)=C(OC)C=C3,0,0
1,DB00675,0,0,0,Tamoxifen,0,CC\C(=C(/C1=CC=CC=C1)C1=CC=C(OCCN(C)C)C=C1)C1=CC=CC=C1,0,0
1,DB00676,0,0,0,Benzyl benzoate,0,O=C(OCC1=CC=CC=C1)C1=CC=CC=C1,0,0
1,DB00677,0,0,1,Isoflurophate,0,CC(C)OP(F)(=O)OC(C)C,0,1
1,DB00678,0,0,0,Losartan,0,CCCCC1=NC(Cl)=C(CO)N1CC1=CC=C(C=C1)C1=CC=CC=C1C1=NNN=N1,0,0
1,DB00679,0,0,0,Thioridazine,0,CSC1=CC2=C(SC3=CC=CC=C3N2CCC2CCCCN2C)C=C1,0,1
1,DB00680,0,0,1,Moricizine,0,CCOC(=O)NC1=CC2=C(SC3=CC=CC=C3N2C(=O)CCN2CCOCC2)C=C1,0,1
1,DB00681,0,0,1,Amphotericin B,0,[H][C@]12C[C@@H](O[C@@H]3O[C@H](C)[C@@H](O)[C@H](N)[C@@H]3O)\C=C\C=C\C=C\C=C\C=C\C=C\C=C\[C@H](C)[C@@H](O)[C@@H](C)[C@H](C)OC(=O)C[C@H](O)C[C@H](O)CC[C@@H](O)[C@H](O)C[C@H](O)C[C@](O)(C[C@H](O)[C@H]1C(O)=O)O2,0,0
1,DB00682,0,0,0,Warfarin,0,CC(=O)CC(C1=CC=CC=C1)C1=C(O)C2=C(OC1=O)C=CC=C2,0,0
1,DB00683,0,1,0,Midazolam,0,CC1=NC=C2CN=C(C3=CC=CC=C3F)C3=C(C=CC(Cl)=C3)N12,0,0
1,DB00684,0,0,1,Tobramycin,0,NC[C@H]1O[C@H](O[C@@H]2[C@@H](N)C[C@@H](N)[C@H](O[C@H]3O[C@H](CO)[C@@H](O)[C@H](N)[C@H]3O)[C@H]2O)[C@H](N)C[C@@H]1O,0,0
1,DB00685,0,0,1,Trovafloxacin,0,[H][C@@]12CN(C[C@]1([H])[C@H]2N)C1=NC2=C(C=C1F)C(=O)C(=CN2C1=C(F)C=C(F)C=C1)C(O)=O,0,1
1,DB00686,0,0,0,Pentosan Polysulfate,0,O[C@@H]1CO[C@@H](O[C@@H]2CO[C@@H](O)[C@H](OS(O)(=O)=O)[C@H]2OS(O)(=O)=O)[C@H](OS(O)(=O)=O)[C@H]1OS(O)(=O)=O,0,0
1,DB00687,0,0,1,Fludrocortisone,0,[H][C@@]12CC[C@](O)(C(=O)CO)[C@@]1(C)C[C@H](O)[C@@]1(F)[C@@]2([H])CCC2=CC(=O)CC[C@]12C,0,0
1,DB00688,0,0,1,Mycophenolate mofetil,0,COC1=C(C\C=C(/C)CCC(=O)OCCN2CCOCC2)C(O)=C2C(=O)OCC2=C1C,0,0
1,DB00689,0,0,0,Cephaloglycin,0,[H][C@]12SCC(COC(C)=O)=C(N1C(=O)[C@H]2NC(=O)[C@H](N)C1=CC=CC=C1)C(O)=O,0,0
1,DB00690,0,1,1,Flurazepam,0,CCN(CC)CCN1C2=C(C=C(Cl)C=C2)C(=NCC1=O)C1=CC=CC=C1F,0,0
1,DB00691,0,0,0,Moexipril,0,CCOC(=O)[C@H](CCC1=CC=CC=C1)N[C@@H](C)C(=O)N1CC2=CC(OC)=C(OC)C=C2C[C@H]1C(O)=O,0,0
1,DB00692,0,0,0,Phentolamine,0,CC1=CC=C(C=C1)N(CC1=NCCN1)C1=CC(O)=CC=C1,0,0
1,DB00693,0,0,0,Fluorescein,0,OC1=CC=C2C(OC3=CC(O)=CC=C3C22OC(=O)C3=C2C=CC=C3)=C1,0,0
1,DB00694,0,0,0,Daunorubicin,0,COC1=CC=CC2=C1C(=O)C1=C(O)C3=C(C[C@](O)(C[C@@H]3O[C@H]3C[C@H](N)[C@H](O)[C@H](C)O3)C(C)=O)C(O)=C1C2=O,0,0
1,DB00695,0,0,0,Furosemide,0,NS(=O)(=O)C1=C(Cl)C=C(NCC2=CC=CO2)C(=C1)C(O)=O,1,0
1,DB00696,0,0,0,Ergotamine,0,[H][C@@]12CCCN1C(=O)[C@H](CC1=CC=CC=C1)N1C(=O)[C@](C)(NC(=O)[C@H]3CN(C)[C@]4([H])CC5=CNC6=CC=CC(=C56)C4=C3)O[C@@]21O,0,0
1,DB00697,0,0,1,Tizanidine,0,ClC1=C(NC2=NCCN2)C2=NSN=C2C=C1,0,0
1,DB00698,0,0,0,Nitrofurantoin,0,[O-][N+](=O)C1=CC=C(O1)\C=N\N1CC(=O)NC1=O,1,0
1,DB00699,0,0,1,Nicergoline,0,[H][C@@]12CC3=CN(C)C4=CC=CC(=C34)[C@]1(C[C@@H](COC(=O)C1=CN=CC(Br)=C1)CN2C)OC,0,0
1,DB00700,0,0,0,Eplerenone,0,[H][C@@]12CC[C@@]3(CCC(=O)O3)[C@@]1(C)C[C@H]1O[C@@]11[C@@]2([H])[C@@H](CC2=CC(=O)CC[C@]12C)C(=O)OC,0,0
1,DB00701,0,0,1,Amprenavir,0,CC(C)CN(C[C@@H](O)[C@H](CC1=CC=CC=C1)NC(=O)O[C@H]1CCOC1)S(=O)(=O)C1=CC=C(N)C=C1,0,0
1,DB00703,0,0,0,Methazolamide,0,CN1N=C(SC1=NC(C)=O)S(N)(=O)=O,0,0
1,DB00704,0,0,1,Naltrexone,0,[H][C@@]12OC3=C(O)C=CC4=C3[C@@]11CCN(CC3CC3)[C@]([H])(C4)[C@]1(O)CCC2=O,1,0
1,DB00705,0,0,0,Delavirdine,0,CC(C)NC1=C(N=CC=C1)N1CCN(CC1)C(=O)C1=CC2=C(N1)C=CC(NS(C)(=O)=O)=C2,0,0
1,DB00706,0,0,1,Tamsulosin,0,CCOC1=CC=CC=C1OCCN[C@H](C)CC1=CC(=C(OC)C=C1)S(N)(=O)=O,0,0
1,DB00708,0,0,1,Sufentanil,0,CCC(=O)N(C1=CC=CC=C1)C1(COC)CCN(CCC2=CC=CS2)CC1,0,0
1,DB00709,0,0,1,Lamivudine,0,NC1=NC(=O)N(C=C1)[C@@H]1CS[C@H](CO)O1,0,0
1,DB00710,0,0,1,Ibandronate,0,CCCCCN(C)CCC(O)(P(O)(O)=O)P(O)(O)=O,0,0
1,DB00711,0,0,1,Diethylcarbamazine,0,CCN(CC)C(=O)N1CCN(C)CC1,1,0
1,DB00712,0,0,1,Flurbiprofen,0,CC(C(O)=O)C1=CC(F)=C(C=C1)C1=CC=CC=C1,0,0
1,DB00713,0,0,1,Oxacillin,0,[H][C@]12SC(C)(C)[C@@H](N1C(=O)[C@H]2NC(=O)C1=C(C)ON=C1C1=CC=CC=C1)C(O)=O,0,0
1,DB00714,0,0,1,Apomorphine,0,[H][C@]12CC3=C(C(O)=C(O)C=C3)C3=CC=CC(CCN1C)=C23,0,0
1,DB00715,0,0,1,Paroxetine,0,FC1=CC=C(C=C1)[C@@H]1CCNC[C@H]1COC1=CC2=C(OCO2)C=C1,0,0
1,DB00716,0,0,1,Nedocromil,0,CCCC1=C2N(CC)C(=CC(=O)C2=CC2=C1OC(=CC2=O)C(O)=O)C(O)=O,0,0
1,DB00717,0,0,0,Norethisterone,0,[H][C@@]12CC[C@@](O)(C#C)[C@@]1(C)CC[C@]1([H])[C@@]3([H])CCC(=O)C=C3CC[C@@]21[H],0,0
1,DB00718,0,0,1,Adefovir dipivoxil,0,CC(C)(C)C(=O)OCOP(=O)(COCCN1C=NC2=C(N)N=CN=C12)OCOC(=O)C(C)(C)C,0,0
1,DB00719,0,0,0,Azatadine,0,CN1CCC(CC1)=C1C2=CC=CC=C2CCC2=C1N=CC=C2,0,0
1,DB00720,0,0,1,Clodronic acid,0,OP(O)(=O)C(Cl)(Cl)P(O)(O)=O,1,0
1,DB00721,0,0,1,Procaine,0,CCN(CC)CCOC(=O)C1=CC=C(N)C=C1,1,0
1,DB00722,0,0,1,Lisinopril,0,NCCCC[C@H](N[C@@H](CCC1=CC=CC=C1)C(O)=O)C(=O)N1CCC[C@H]1C(O)=O,0,0
1,DB00723,0,0,1,Methoxamine,0,COC1=CC(C(O)C(C)N)=C(OC)C=C1,0,0
1,DB00724,0,0,1,Imiquimod,0,CC(C)CN1C=NC2=C1C1=CC=CC=C1N=C2N,0,0
1,DB00725,0,0,0,Homatropine methylbromide,0,[Br-].C[N+]1(C)C2CCC1CC(C2)OC(=O)C(O)C1=CC=CC=C1,0,0
1,DB00726,0,0,0,Trimipramine,0,CC(CN(C)C)CN1C2=CC=CC=C2CCC2=CC=CC=C12,0,0
1,DB00727,0,0,1,Nitroglycerin,0,[O-][N+](=O)OCC(CO[N+]([O-])=O)O[N+]([O-])=O,0,0
1,DB00728,0,0,0,Rocuronium,0,[H][C@@]12C[C@@H]([C@H](OC(C)=O)[C@@]1(C)CC[C@@]1([H])[C@@]2([H])CC[C@@]2([H])C[C@H](O)[C@H](C[C@]12C)N1CCOCC1)[N+]1(CC=C)CCCC1,0,0
1,DB00730,0,0,0,Thiabendazole,0,N1C2=CC=CC=C2N=C1C1=CSC=N1,1,0
1,DB00731,0,0,1,Nateglinide,0,[H][C@](CC1=CC=CC=C1)(N=C(O)[C@@]1([H])CC[C@@]([H])(CC1)C(C)C)C(O)=O,0,0
1,DB00732,0,0,0,Atracurium besylate,0,[O-]S(=O)(=O)C1=CC=CC=C1.[O-]S(=O)(=O)C1=CC=CC=C1.COC1=CC2=C(C=C1OC)C(CC1=CC(OC)=C(OC)C=C1)[N+](C)(CCC(=O)OCCCCCOC(=O)CC[N+]1(C)CCC3=C(C=C(OC)C(OC)=C3)C1CC1=CC(OC)=C(OC)C=C1)CC2,0,0
1,DB00733,0,0,0,Pralidoxime,0,C[N+]1=C(\C=N\O)C=CC=C1,1,0
1,DB00734,0,0,1,Risperidone,0,CC1=C(CCN2CCC(CC2)C2=NOC3=C2C=CC(F)=C3)C(=O)N2CCCCC2=N1,0,0
1,DB00735,0,0,0,Naftifine,0,CN(CC=CC1=CC=CC=C1)CC1=CC=CC2=CC=CC=C12,0,0
1,DB00736,0,0,1,Esomeprazole,0,COC1=CC2=C(NC(=N2)[S@@](=O)CC2=NC=C(C)C(OC)=C2C)C=C1,0,0
1,DB00737,0,0,0,Meclizine,0,CC1=CC(CN2CCN(CC2)C(C2=CC=CC=C2)C2=CC=C(Cl)C=C2)=CC=C1,0,0
1,DB00738,0,0,1,Pentamidine,0,NC(=N)C1=CC=C(OCCCCCOC2=CC=C(C=C2)C(N)=N)C=C1,0,0
1,DB00739,0,0,0,Hetacillin,0,[H][C@]12SC(C)(C)[C@@H](N1C(=O)[C@H]2N1C(=O)[C@H](NC1(C)C)C1=CC=CC=C1)C(O)=O,1,1
1,DB00740,0,0,1,Riluzole,0,NC1=NC2=C(S1)C=C(OC(F)(F)F)C=C2,0,0
1,DB00741,0,0,0,Hydrocortisone,0,[H][C@@]12CC[C@](O)(C(=O)CO)[C@@]1(C)C[C@H](O)[C@@]1([H])[C@@]2([H])CCC2=CC(=O)CC[C@]12C,1,0
1,DB00742,0,0,1,Mannitol,0,OC[C@@H](O)[C@@H](O)[C@H](O)[C@H](O)CO,0,0
1,DB00743,0,0,1,Gadobenic acid,0,[Gd+3].OC(=O)CN(CCN(CCN(CC([O-])=O)CC([O-])=O)CC([O-])=O)C(COCC1=CC=CC=C1)C(O)=O,0,0
1,DB00744,0,0,1,Zileuton,0,CC(N(O)C(N)=O)C1=CC2=CC=CC=C2S1,0,1
1,DB00745,0,0,1,Modafinil,0,NC(=O)CS(=O)C(C1=CC=CC=C1)C1=CC=CC=C1,0,0
1,DB00746,0,0,1,Deferoxamine,0,CC(=O)N(O)CCCCCNC(=O)CCC(=O)N(O)CCCCCNC(=O)CCC(=O)N(O)CCCCCN,0,0
1,DB00747,0,0,1,Scopolamine,0,CN1[C@H]2C[C@@H](C[C@@H]1[C@H]1O[C@@H]21)OC(=O)[C@H](CO)C1=CC=CC=C1,0,0
1,DB00748,0,0,0,Carbinoxamine,0,CN(C)CCOC(C1=CC=C(Cl)C=C1)C1=CC=CC=N1,0,0
1,DB00749,0,0,1,Etodolac,0,CCC1=C2NC3=C(CCOC3(CC)CC(O)=O)C2=CC=C1,1,0
1,DB00750,0,0,0,Prilocaine,0,CCCNC(C)C(=O)NC1=CC=CC=C1C,0,0
1,DB00751,0,0,1,Epinastine,0,NC1=NCC2N1C1=CC=CC=C1CC1=CC=CC=C21,0,0
1,DB00752,0,0,1,Tranylcypromine,0,NC1CC1C1=CC=CC=C1,0,0
1,DB00753,0,0,0,Isoflurane,0,FC(F)OC(Cl)C(F)(F)F,1,0
1,DB00754,0,0,0,Ethotoin,0,CCN1C(=O)NC(C1=O)C1=CC=CC=C1,0,0
1,DB00755,0,0,1,Tretinoin,1,C\C(\C=C\C1=C(C)CCCC1(C)C)=C/C=C/C(/C)=C/C(O)=O,0,0
1,DB00756,0,0,0,Hexachlorophene,0,OC1=C(CC2=C(O)C(Cl)=CC(Cl)=C2Cl)C(Cl)=C(Cl)C=C1Cl,0,1
1,DB00757,0,0,1,Dolasetron,0,[H][C@@]1(C[C@@]2([H])C[C@]3([H])C[C@@]([H])(C1)N2CC3=O)OC(=O)C1=CNC2=C1C=CC=C2,0,0
1,DB00758,0,0,0,Clopidogrel,0,[H][C@@](N1CCC2=C(C1)C=CS2)(C(=O)OC)C1=CC=CC=C1Cl,0,0
1,DB00759,0,0,0,Tetracycline,0,[H][C@@]12C[C@@]3([H])C(=C(O)[C@]1(O)C(=O)C(C(N)=O)=C(O)[C@H]2N(C)C)C(=O)C1=C(O)C=CC=C1[C@@]3(C)O,1,0
1,DB00760,0,0,1,Meropenem,0,[H][C@]1([C@@H](C)O)C(=O)N2C(C(O)=O)=C(S[C@@H]3CN[C@@H](C3)C(=O)N(C)C)[C@H](C)[C@]12[H],0,0
1,DB00761,0,0,0,Potassium chloride,0,[Cl-].[K+],0,1
1,DB00762,0,0,1,Irinotecan,0,CCC1=C2CN3C(=CC4=C(COC(=O)[C@]4(O)CC)C3=O)C2=NC2=CC=C(OC(=O)N3CCC(CC3)N3CCCCC3)C=C12,0,0
1,DB00763,0,0,0,Methimazole,0,CN1C=CNC1=S,0,0
1,DB00764,0,0,0,Mometasone,0,[H][C@@]1(C)C[C@@]2([H])[C@]3([H])CCC4=CC(=O)C=C[C@]4(C)[C@@]3(Cl)[C@@]([H])(O)C[C@]2(C)[C@@]1(O)C(=O)CCl,1,0
1,DB00765,0,0,0,Metyrosine,0,C[C@](N)(CC1=CC=C(O)C=C1)C(O)=O,0,0
1,DB00766,0,0,0,Clavulanic acid,0,[H][C@@]12CC(=O)N1[C@@H](C(O)=O)\C(O2)=C\CO,1,0
0,DB00767,0,0,0,Benzquinamide,0,CCN(CC)C(=O)C1CN2CCC3=CC(OC)=C(OC)C=C3C2CC1OC(C)=O,0,1
1,DB00768,0,0,0,Olopatadine,0,CN(C)CC\C=C1\C2=CC=CC=C2COC2=C1C=C(CC(O)=O)C=C2,0,0
1,DB00769,0,0,0,Hydrocortamate,0,[H][C@@]12CC[C@](O)(C(=O)COC(=O)CN(CC)CC)[C@@]1(C)C[C@H](O)[C@@]1([H])[C@@]2([H])CCC2=CC(=O)CC[C@]12C,0,0
1,DB00770,0,0,1,Alprostadil,0,CCCCC[C@H](O)\C=C\[C@H]1[C@H](O)CC(=O)[C@@H]1CCCCCCC(O)=O,0,0
1,DB00771,0,0,0,Clidinium,0,C[N@@+]12CC[C@@H](CC1)C(C2)OC(=O)C(O)(C1=CC=CC=C1)C1=CC=CC=C1,0,0
1,DB00772,0,0,1,Malathion,0,CCOC(=O)CC(SP(=S)(OC)OC)C(=O)OCC,0,0
1,DB00773,0,0,0,Etoposide,0,[H][C@]12COC(=O)[C@]1([H])[C@H](C1=CC(OC)=C(O)C(OC)=C1)C1=CC3=C(OCO3)C=C1[C@H]2O[C@@H]1O[C@]2([H])CO[C@@H](C)O[C@@]2([H])[C@H](O)[C@H]1O,0,0
1,DB00774,0,0,1,Hydroflumethiazide,0,NS(=O)(=O)C1=CC2=C(NCNS2(=O)=O)C=C1C(F)(F)F,0,0
1,DB00775,0,0,0,Tirofiban,0,CCCCS(=O)(=O)N[C@@H](CC1=CC=C(OCCCCC2CCNCC2)C=C1)C(O)=O,0,0
1,DB00776,0,0,0,Oxcarbazepine,0,NC(=O)N1C2=CC=CC=C2CC(=O)C2=C1C=CC=C2,0,0
1,DB00777,0,0,0,Propiomazine,0,CCC(=O)C1=CC2=C(SC3=CC=CC=C3N2CC(C)N(C)C)C=C1,0,0
1,DB00778,0,0,1,Roxithromycin,0,CC[C@H]1OC(=O)[C@H](C)[C@@H](O[C@H]2C[C@@](C)(OC)[C@@H](O)[C@H](C)O2)[C@H](C)[C@@H](O[C@@H]2O[C@H](C)C[C@@H]([C@H]2O)N(C)C)[C@](C)(O)C[C@@H](C)C(=NOCOCCOC)[C@H](C)[C@@H](O)[C@]1(C)O,0,1
1,DB00779,0,0,1,Nalidixic acid,0,CCN1C=C(C(O)=O)C(=O)C2=C1N=C(C)C=C2,0,0
1,DB00780,0,0,0,Phenelzine,0,NNCCC1=CC=CC=C1,0,0
1,DB00782,0,0,0,Propantheline,0,CC(C)[N+](C)(CCOC(=O)C1C2=CC=CC=C2OC2=CC=CC=C12)C(C)C,0,0
1,DB00783,0,0,1,Estradiol,0,[H][C@@]12CC[C@H](O)[C@@]1(C)CC[C@]1([H])C3=C(CC[C@@]21[H])C=C(O)C=C3,1,0
1,DB00784,0,0,0,Mefenamic acid,0,CC1=C(C)C(NC2=CC=CC=C2C(O)=O)=CC=C1,0,0
0,DB00786,0,0,1,Marimastat,0,CNC(=O)[C@@H](NC(=O)[C@H](CC(C)C)[C@H](O)C(=O)NO)C(C)(C)C,0,0
1,DB00787,0,0,0,Acyclovir,0,NC1=NC(=O)C2=C(N1)N(COCCO)C=N2,0,0
1,DB00788,0,0,0,Naproxen,0,COC1=CC2=C(C=C1)C=C(C=C2)[C@H](C)C(O)=O,1,0
1,DB00789,0,0,0,Gadopentetic acid,0,[Gd+3].OC(=O)CN(CCN(CCN(CC(O)=O)CC([O-])=O)CC([O-])=O)CC([O-])=O,0,0
1,DB00790,0,0,0,Perindopril,0,[H][C@]12C[C@H](N(C(=O)[C@H](C)N[C@@H](CCC)C(=O)OCC)[C@@]1([H])CCCC2)C(O)=O,0,0
1,DB00791,0,0,0,Uracil mustard,0,ClCCN(CCCl)C1=CNC(=O)NC1=O,0,0
1,DB00792,0,0,0,Tripelennamine,0,CN(C)CCN(CC1=CC=CC=C1)C1=CC=CC=N1,1,0
1,DB00793,0,0,0,Haloprogin,0,ClC1=CC(Cl)=C(Cl)C=C1OCC#CI,0,1
1,DB00794,0,0,0,Primidone,0,CCC1(C(=O)NCNC1=O)C1=CC=CC=C1,1,0
1,DB00795,0,0,0,Sulfasalazine,0,OC(=O)C1=CC(=CC=C1O)\N=N\C1=CC=C(C=C1)S(=O)(=O)NC1=NC=CC=C1,0,0
1,DB00796,0,0,0,Candesartan cilexetil,0,CCOC1=NC2=C(N1CC1=CC=C(C=C1)C1=CC=CC=C1C1=NN=NN1)C(=CC=C2)C(=O)OC(C)OC(=O)OC1CCCCC1,0,0
1,DB00797,0,0,0,Tolazoline,0,C(C1=NCCN1)C1=CC=CC=C1,1,0
1,DB00798,0,0,0,Gentamicin,0,CNC(C)C1CCC(N)C(OC2C(N)CC(N)C(OC3OCC(C)(O)C(NC)C3O)C2O)O1,1,0
1,DB00799,0,0,1,Tazarotene,0,CCOC(=O)C1=CN=C(C=C1)C#CC1=CC2=C(SCCC2(C)C)C=C1,0,0
1,DB00800,0,0,0,Fenoldopam,0,OC1=CC=C(C=C1)C1CNCCC2=C(Cl)C(O)=C(O)C=C12,0,0
1,DB00801,0,1,0,Halazepam,0,FC(F)(F)CN1C2=C(C=C(Cl)C=C2)C(=NCC1=O)C1=CC=CC=C1,0,1
1,DB00802,0,1,0,Alfentanil,0,CCN1N=NN(CCN2CCC(COC)(CC2)N(C(=O)CC)C2=CC=CC=C2)C1=O,0,0
1,DB00803,0,0,0,Colistin,0,[H]C(C)(CC)CCCC(O)=N[C@@]([H])(CCN)C(O)=N[C@]([H])(C(O)=N[C@@]([H])(CCN)C(O)=N[C@@]1([H])CCN=C(O)C([H])(N=C(O)[C@@]([H])(CCN)N=C(O)[C@]([H])(CCN)N=C(O)[C@@]([H])(CC(C)C)N=C(O)C([H])(CC(C)C)N=C(O)[C@]([H])(CCN)N=C1O)[C@@]([H])(C)O)[C@@]([H])(C)O,0,0
1,DB00804,0,0,0,Dicyclomine,0,CCN(CC)CCOC(=O)C1(CCCCC1)C1CCCCC1,0,0
1,DB00805,0,0,0,Minaprine,0,CC1=CC(=NN=C1NCCN1CCOCC1)C1=CC=CC=C1,0,0
1,DB00806,0,0,1,Pentoxifylline,0,CN1C=NC2=C1C(=O)N(CCCCC(C)=O)C(=O)N2C,0,0
1,DB00807,0,0,0,Proparacaine,0,CCCOC1=C(N)C=C(C=C1)C(=O)OCCN(CC)CC,1,0
1,DB00808,0,0,0,Indapamide,0,CC1CC2=CC=CC=C2N1NC(=O)C1=CC(=C(Cl)C=C1)S(N)(=O)=O,0,0
1,DB00809,0,0,1,Tropicamide,0,CCN(CC1=CC=NC=C1)C(=O)C(CO)C1=CC=CC=C1,0,0
1,DB00810,0,0,1,Biperiden,0,OC(CCN1CCCCC1)(C1CC2CC1C=C2)C1=CC=CC=C1,0,0
1,DB00811,0,0,0,Ribavirin,0,NC(=O)C1=NN(C=N1)[C@@H]1O[C@H](CO)[C@@H](O)[C@H]1O,0,0
1,DB00812,0,0,0,Phenylbutazone,0,CCCCC1C(=O)N(N(C1=O)C1=CC=CC=C1)C1=CC=CC=C1,1,0
1,DB00813,0,1,1,Fentanyl,0,CCC(=O)N(C1CCN(CCC2=CC=CC=C2)CC1)C1=CC=CC=C1,1,0
1,DB00814,0,0,0,Meloxicam,0,CN1C(C(=O)NC2=NC=C(C)S2)=C(O)C2=C(C=CC=C2)S1(=O)=O,1,0
1,DB00815,0,0,0,Sodium lauryl sulfate,0,[Na+].CCCCCCCCCCCCOS([O-])(=O)=O,0,0
1,DB00816,0,0,0,Orciprenaline,0,CC(C)NCC(O)C1=CC(O)=CC(O)=C1,0,0
1,DB00817,0,0,1,Rosoxacin,0,CCN1C=C(C(O)=O)C(=O)C2=C1C=C(C=C2)C1=CC=NC=C1,0,0
1,DB00818,0,0,1,Propofol,0,CC(C)C1=CC=CC(C(C)C)=C1O,1,0
1,DB00819,0,0,0,Acetazolamide,0,CC(=O)NC1=NN=C(S1)S(N)(=O)=O,1,0
1,DB00820,0,0,1,Tadalafil,0,[H][C@]12CC3=C(NC4=CC=CC=C34)[C@H](N1C(=O)CN(C)C2=O)C1=CC2=C(OCO2)C=C1,0,0
1,DB00821,0,0,0,Carprofen,0,CC(C(O)=O)C1=CC2=C(C=C1)C1=C(N2)C=CC(Cl)=C1,1,1
1,DB00822,0,0,0,Disulfiram,0,CCN(CC)C(=S)SSC(=S)N(CC)CC,0,0
1,DB00823,0,0,0,Ethynodiol diacetate,0,[H][C@@]12CC[C@@](OC(C)=O)(C#C)[C@@]1(C)CC[C@]1([H])[C@@]3([H])CC[C@H](OC(C)=O)C=C3CC[C@@]21[H],0,0
1,DB00824,1,0,0,Enprofylline,0,CCCN1C2=C(NC=N2)C(=O)NC1=O,0,0
1,DB00825,0,0,0,Levomenthol,0,CC(C)[C@@H]1CC[C@@H](C)C[C@H]1O,0,0
1,DB00826,0,0,0,Natamycin,0,[H][C@@]12C[C@H](O)C[C@]3(O)C[C@H](O)[C@@H](C(O)=O)[C@]([H])(C[C@@H](O[C@]4([H])O[C@H](C)[C@@H](O)[C@H](N)[C@@H]4O)\C=C\C=C\C=C\C=C\C[C@@H](C)OC(=O)\C=C\[C@@]1([H])O2)O3,0,0
1,DB00827,0,0,1,Cinoxacin,0,CCN1N=C(C(O)=O)C(=O)C2=CC3=C(OCO3)C=C12,0,1
1,DB00828,0,0,0,Fosfomycin,0,C[C@@H]1O[C@@H]1P(O)(O)=O,0,0
1,DB00829,0,1,1,Diazepam,0,CN1C2=C(C=C(Cl)C=C2)C(=NCC1=O)C1=CC=CC=C1,1,0
1,DB00830,0,1,0,Phenmetrazine,0,CC1NCCOC1C1=CC=CC=C1,0,0
1,DB00831,0,0,1,Trifluoperazine,0,CN1CCN(CCCN2C3=CC=CC=C3SC3=C2C=C(C=C3)C(F)(F)F)CC1,0,0
1,DB00832,0,0,0,Phensuximide,0,CN1C(=O)CC(C1=O)C1=CC=CC=C1,0,0
1,DB00833,0,0,0,Cefaclor,0,[H][C@]12SCC(Cl)=C(N1C(=O)[C@H]2NC(=O)[C@H](N)C1=CC=CC=C1)C(O)=O,0,0
1,DB00834,0,0,1,Mifepristone,0,[H][C@@]12CC[C@@](O)(C#CC)[C@@]1(C)C[C@H](C1=CC=C(C=C1)N(C)C)C1=C3CCC(=O)C=C3CC[C@@]21[H],0,0
1,DB00835,0,0,0,Brompheniramine,0,CN(C)CCC(C1=CC=C(Br)C=C1)C1=CC=CC=N1,0,0
1,DB00836,0,0,0,Loperamide,0,CN(C)C(=O)C(CCN1CCC(O)(CC1)C1=CC=C(Cl)C=C1)(C1=CC=CC=C1)C1=CC=CC=C1,0,0
0,DB00837,1,0,0,Progabide,0,OC(=N)CCC\N=C(\C1=CC=C(Cl)C=C1)C1=C(O)C=CC(F)=C1,0,0
1,DB00838,0,0,0,Clocortolone,0,[H][C@@]12C[C@@H](C)[C@H](C(=O)CO)[C@@]1(C)C[C@H](O)[C@@]1(Cl)[C@@]2([H])C[C@H](F)C2=CC(=O)C=C[C@]12C,0,0
1,DB00839,0,0,1,Tolazamide,0,CC1=CC=C(C=C1)S(=O)(=O)NC(=O)NN1CCCCCC1,0,0
1,DB00841,0,0,0,Dobutamine,0,CC(CCC1=CC=C(O)C=C1)NCCC1=CC(O)=C(O)C=C1,0,0
1,DB00842,0,0,0,Oxazepam,0,OC1N=C(C2=CC=CC=C2)C2=C(NC1=O)C=CC(Cl)=C2,0,0
1,DB00843,0,0,0,Donepezil,0,COC1=C(OC)C=C2C(=O)C(CC3CCN(CC4=CC=CC=C4)CC3)CC2=C1,0,0
1,DB00844,0,0,0,Nalbuphine,0,O[C@H]1CC[C@@]2(O)[C@H]3CC4=CC=C(O)C5=C4[C@@]2(CCN3CC2CCC2)[C@H]1O5,0,0
1,DB00845,0,0,1,Clofazimine,0,CC(C)N=C1C=C2N(C3=CC=C(Cl)C=C3)C3=C(C=CC=C3)N=C2C=C1NC1=CC=C(Cl)C=C1,0,0
1,DB00846,0,0,0,Flurandrenolide,0,CC1(C)O[C@@H]2C[C@H]3[C@@H]4C[C@H](F)C5=CC(=O)CC[C@]5(C)[C@H]4[C@@H](O)C[C@]3(C)[C@@]2(O1)C(=O)CO,0,0
1,DB00847,0,0,1,Cysteamine,0,NCCS,0,0
1,DB00848,0,0,1,Levamisole,0,C1CN2C[C@@H](N=C2S1)C1=CC=CC=C1,1,1
1,DB00849,0,0,0,Methylphenobarbital,0,CCC1(C(=O)NC(=O)N(C)C1=O)C1=CC=CC=C1,0,0
1,DB00850,0,0,0,Perphenazine,0,OCCN1CCN(CCCN2C3=CC=CC=C3SC3=C2C=C(Cl)C=C3)CC1,0,0
1,DB00851,0,0,1,Dacarbazine,0,CN(C)\N=N\C1=C(N=CN1)C(N)=O,0,0
1,DB00852,0,0,0,Pseudoephedrine,0,CN[C@@H](C)[C@@H](O)C1=CC=CC=C1,0,0
1,DB00853,0,0,1,Temozolomide,0,CN1N=NC2=C(N=CN2C1=O)C(N)=O,0,0
1,DB00854,0,0,0,Levorphanol,0,[H][C@@]12CCCC[C@@]11CCN(C)[C@@H]2CC2=C1C=C(O)C=C2,0,0
1,DB00855,0,0,0,Aminolevulinic acid,0,NCC(=O)CCC(O)=O,0,0
1,DB00856,1,0,0,Chlorphenesin,0,OCC(O)COC1=CC=C(Cl)C=C1,0,0
1,DB00857,0,0,1,Terbinafine,0,CN(C\C=C\C#CC(C)(C)C)CC1=CC=CC2=CC=CC=C12,1,0
0,DB00858,0,1,0,Drostanolone,0,[H][C@@]12CC[C@H](O)[C@@]1(C)CC[C@@]1([H])[C@@]2([H])CC[C@@]2([H])CC(=O)[C@H](C)C[C@]12C,0,0
1,DB00859,0,0,0,Penicillamine,0,[H][C@](N)(C(O)=O)C(C)(C)S,0,0
1,DB00860,0,0,0,Prednisolone,0,[H][C@@]12CC[C@](O)(C(=O)CO)[C@@]1(C)C[C@H](O)[C@@]1([H])[C@@]2([H])CCC2=CC(=O)C=C[C@]12C,1,0
1,DB00861,0,0,1,Diflunisal,0,OC(=O)C1=C(O)C=CC(=C1)C1=C(F)C=C(F)C=C1,0,0
1,DB00862,0,0,0,Vardenafil,0,CCCC1=NC(C)=C2N1NC(=NC2=O)C1=C(OCC)C=CC(=C1)S(=O)(=O)N1CCN(CC)CC1,0,0
1,DB00863,0,0,0,Ranitidine,0,CNC(NCCSCC1=CC=C(CN(C)C)O1)=C[N+]([O-])=O,0,0
1,DB00864,0,0,1,Tacrolimus,0,CO[C@@H]1C[C@@H](CC[C@H]1O)\C=C(/C)[C@H]1OC(=O)[C@@H]2CCCCN2C(=O)C(=O)[C@]2(O)O[C@@H]([C@H](C[C@H]2C)OC)[C@H](C[C@@H](C)C\C(C)=C\[C@@H](CC=C)C(=O)C[C@H](O)[C@H]1C)OC,0,0
1,DB00865,0,1,0,Benzphetamine,0,C[C@@H](CC1=CC=CC=C1)N(C)CC1=CC=CC=C1,0,0
0,DB00866,1,0,0,Alprenolol,0,CC(C)NCC(O)COC1=CC=CC=C1CC=C,0,1
1,DB00867,0,0,1,Ritodrine,0,C[C@H](NCCC1=CC=C(O)C=C1)[C@H](O)C1=CC=C(O)C=C1,0,0
1,DB00868,0,0,0,Benzonatate,0,CCCCNC1=CC=C(C=C1)C(=O)OCCOCCOCCOCCOCCOCCOCCOCCOCCOC,0,0
1,DB00869,0,0,0,Dorzolamide,0,CCN[C@H]1C[C@H](C)S(=O)(=O)C2=C1C=C(S2)S(N)(=O)=O,0,0
1,DB00870,0,0,0,Suprofen,0,CC(C(O)=O)C1=CC=C(C=C1)C(=O)C1=CC=CS1,0,1
1,DB00871,0,0,0,Terbutaline,0,CC(C)(C)NCC(O)C1=CC(O)=CC(O)=C1,0,0
1,DB00872,0,0,1,Conivaptan,0,CC1=NC2=C(CCN(C(=O)C3=CC=C(NC(=O)C4=CC=CC=C4C4=CC=CC=C4)C=C3)C3=CC=CC=C23)N1,0,0
1,DB14596,0,0,0,Loteprednol etabonate,0,[H][C@@]12CC[C@](OC(=O)OCC)(C(=O)OCCl)[C@@]1(C)C[C@H](O)[C@@]1([H])[C@@]2([H])CCC2=CC(=O)C=C[C@]12C,0,0
1,DB00874,0,0,1,Guaifenesin,0,COC1=CC=CC=C1OCC(O)CO,1,0
1,DB00875,0,0,1,Flupentixol,0,[H]\C(CCN1CCN(CCO)CC1)=C1/C2=CC=CC=C2SC2=C1C=C(C=C2)C(F)(F)F,0,1
1,DB00876,0,0,0,Eprosartan,0,CCCCC1=NC=C(\C=C(/CC2=CC=CS2)C(O)=O)N1CC1=CC=C(C=C1)C(O)=O,0,0
1,DB00877,0,0,1,Sirolimus,0,[H][C@@]1(C[C@@H](C)[C@]2([H])CC(=O)[C@H](C)\C=C(C)\[C@@H](O)[C@@H](OC)C(=O)[C@H](C)C[C@H](C)\C=C\C=C\C=C(C)\[C@H](C[C@]3([H])CC[C@@H](C)[C@@](O)(O3)C(=O)C(=O)N3CCCC[C@@]3([H])C(=O)O2)OC)CC[C@@H](O)[C@@H](C1)OC,0,0
1,DB00878,0,0,0,Chlorhexidine,0,ClC1=CC=C(NC(=N)NC(=N)NCCCCCCNC(=N)NC(=N)NC2=CC=C(Cl)C=C2)C=C1,1,1
1,DB00879,0,0,1,Emtricitabine,0,NC1=NC(=O)N(C=C1F)[C@@H]1CS[C@H](CO)O1,0,0
1,DB00880,0,0,0,Chlorothiazide,0,NS(=O)(=O)C1=C(Cl)C=C2NC=NS(=O)(=O)C2=C1,1,0
1,DB00881,0,0,1,Quinapril,0,CCOC(=O)[C@H](CCC1=CC=CC=C1)N[C@@H](C)C(=O)N1CC2=CC=CC=C2C[C@H]1C(O)=O,0,0
1,DB00882,0,0,1,Clomifene,0,CCN(CC)CCOC1=CC=C(C=C1)C(=C(Cl)C1=CC=CC=C1)C1=CC=CC=C1,0,0
1,DB00883,0,0,1,Isosorbide dinitrate,0,[H][C@]12OC[C@H](O[N+]([O-])=O)[C@@]1([H])OC[C@H]2O[N+]([O-])=O,0,0
1,DB00884,0,0,1,Risedronic acid,0,OC(CC1=CN=CC=C1)(P(O)(O)=O)P(O)(O)=O,0,0
1,DB00885,0,0,1,Pemirolast,0,CC1=CC=CN2C(=O)C(=CN=C12)C1=NNN=N1,0,0
0,DB00886,0,0,1,Omapatrilat,0,[H][C@]12CCC[C@H](N1C(=O)[C@H](CCS2)NC(=O)[C@@H](S)CC1=CC=CC=C1)C(O)=O,0,0
1,DB00887,0,0,0,Bumetanide,0,CCCCNC1=C(OC2=CC=CC=C2)C(=CC(=C1)C(O)=O)S(N)(=O)=O,0,0
1,DB00888,0,0,1,Mechlorethamine,0,CN(CCCl)CCCl,0,0
1,DB00889,0,0,1,Granisetron,0,CN1N=C(C(=O)N[C@@H]2C[C@@H]3CCC[C@H](C2)N3C)C2=C1C=CC=C2,0,0
1,DB00890,0,0,1,Dienestrol,0,[H]\C(C)=C(/C(=C(\[H])C)/C1=CC=C(O)C=C1)\C1=CC=C(O)C=C1,0,0
1,DB00891,0,0,0,Sulfapyridine,0,NC1=CC=C(C=C1)S(=O)(=O)NC1=CC=CC=N1,0,0
1,DB00892,0,0,1,Oxybuprocaine,0,CCCCOC1=C(N)C=CC(=C1)C(=O)OCCN(CC)CC,0,0
1,DB00894,0,0,1,Testolactone,0,[H][C@@]12CCC3=CC(=O)C=C[C@]3(C)[C@@]1([H])CC[C@]1(C)OC(=O)CC[C@@]21[H],0,0
1,DB00895,0,0,0,Benzylpenicilloyl Polylysine,0,[H]N[C@H](CCCCN)C(O)=O.[H]N[C@H](CCCCNC(=O)C(NC(=O)CC1=CC=CC=C1)[C@]1([H])N[C@@H](C(O)=O)C(C)(C)S1)C(O)=O,0,0
1,DB00896,0,0,0,Rimexolone,0,[H][C@@]12C[C@@H](C)[C@](C)(C(=O)CC)[C@@]1(C)C[C@H](O)[C@@]1([H])[C@@]2([H])CCC2=CC(=O)C=C[C@]12C,0,0
1,DB00897,0,0,1,Triazolam,0,CC1=NN=C2CN=C(C3=CC=CC=C3Cl)C3=C(C=CC(Cl)=C3)N12,0,0
1,DB00898,0,0,0,Ethanol,0,CCO,0,0
1,DB00899,0,0,0,Remifentanil,0,CCC(=O)N(C1=CC=CC=C1)C1(CCN(CCC(=O)OC)CC1)C(=O)OC,0,0
1,DB00900,0,0,0,Didanosine,0,OC[C@@H]1CC[C@@H](O1)N1C=NC2=C1NC=NC2=O,0,0
0,DB00901,0,0,0,Bitolterol,0,CC1=CC=C(C=C1)C(=O)OC1=C(OC(=O)C2=CC=C(C)C=C2)C=C(C=C1)C(O)CNC(C)(C)C,0,1
1,DB00902,0,0,0,Methdilazine,0,CN1CCC(CN2C3=CC=CC=C3SC3=CC=CC=C23)C1,0,0
1,DB00903,0,0,1,Etacrynic acid,0,CCC(=C)C(=O)C1=C(Cl)C(Cl)=C(OCC(O)=O)C=C1,0,0
1,DB00904,0,0,0,Ondansetron,0,CN1C2=C(C3=CC=CC=C13)C(=O)C(CN1C=CN=C1C)CC2,0,0
1,DB00905,0,0,1,Bimatoprost,0,CCNC(=O)CCC\C=C/C[C@H]1[C@@H](O)C[C@@H](O)[C@@H]1\C=C\[C@@H](O)CCC1=CC=CC=C1,0,0
1,DB00906,0,0,1,Tiagabine,0,CC1=C(SC=C1)C(=CCCN1CCC[C@H](C1)C(O)=O)C1=C(C)C=CS1,0,0
1,DB00907,0,1,0,Cocaine,0,[H][C@]12CC[C@]([H])([C@H]([C@H](C1)OC(=O)C1=CC=CC=C1)C(=O)OC)N2C,0,0
1,DB00908,0,0,1,Quinidine,0,[H][C@@]12CCN(C[C@@H]1C=C)[C@]([H])(C2)[C@@H](O)C1=C2C=C(OC)C=CC2=NC=C1,0,0
1,DB00909,0,0,1,Zonisamide,0,NS(=O)(=O)CC1=NOC2=CC=CC=C12,0,0
1,DB00910,0,0,1,Paricalcitol,0,[H][C@@]1(CC[C@@]2([H])\C(CCC[C@]12C)=C\C=C1C[C@@H](O)C[C@H](O)C1)[C@H](C)\C=C\[C@H](C)C(C)(C)O,0,0
1,DB00911,0,0,1,Tinidazole,0,CCS(=O)(=O)CCN1C(C)=NC=C1[N+]([O-])=O,0,0
1,DB00912,0,0,1,Repaglinide,0,CCOC1=C(C=CC(CC(=O)N[C@@H](CC(C)C)C2=CC=CC=C2N2CCCCC2)=C1)C(O)=O,0,0
1,DB00913,0,1,0,Anileridine,0,CCOC(=O)C1(CCN(CCC2=CC=C(N)C=C2)CC1)C1=CC=CC=C1,0,0
1,DB00914,0,0,1,Phenformin,0,NC(=N)NC(=N)NCCC1=CC=CC=C1,0,1
1,DB00915,0,0,0,Amantadine,0,NC12CC3CC(CC(C3)C1)C2,0,0
1,DB00916,0,0,0,Metronidazole,0,CC1=NC=C(N1CCO)[N+]([O-])=O,0,0
1,DB00917,0,0,0,Dinoprostone,0,CCCCC[C@H](O)\C=C\[C@H]1[C@H](O)CC(=O)[C@@H]1C\C=C/CCCC(O)=O,0,0
1,DB00918,0,0,1,Almotriptan,0,CN(C)CCC1=CNC2=C1C=C(CS(=O)(=O)N1CCCC1)C=C2,0,0
1,DB00919,0,0,1,Spectinomycin,0,[H][C@@]12O[C@H](C)CC(=O)[C@]1(O)O[C@]1([H])[C@@H](NC)[C@@H](O)[C@@H](NC)[C@H](O)[C@@]1([H])O2,1,0
1,DB00920,0,0,0,Ketotifen,0,CN1CCC(CC1)=C1C2=C(SC=C2)C(=O)CC2=CC=CC=C12,0,0
1,DB00921,0,1,1,Buprenorphine,0,CO[C@]12CC[C@@]3(C[C@@H]1[C@](C)(O)C(C)(C)C)[C@H]1CC4=C5C(O[C@@H]2[C@@]35CCN1CC1CC1)=C(O)C=C4,1,0
1,DB00922,0,0,1,Levosimendan,0,C[C@@H]1CC(=O)NN=C1C1=CC=C(NN=C(C#N)C#N)C=C1,0,0
1,DB00923,0,0,0,Ceforanide,0,[H][C@]12SCC(CSC3=NN=NN3CC(O)=O)=C(N1C(=O)[C@H]2NC(=O)CC1=CC=CC=C1CN)C(O)=O,0,0
1,DB00924,0,0,0,Cyclobenzaprine,0,CN(C)CCC=C1C2=CC=CC=C2C=CC2=CC=CC=C12,0,0
1,DB00925,0,0,0,Phenoxybenzamine,0,CC(COC1=CC=CC=C1)N(CCCl)CC1=CC=CC=C1,0,0
0,DB00926,0,0,0,Etretinate,0,CCOC(=O)C=C(C)C=CC=C(C)C=CC1=C(C)C(C)=C(OC)C=C1C,0,1
1,DB00927,0,0,0,Famotidine,0,NC(N)=NC1=NC(CSCCC(N)=NS(N)(=O)=O)=CS1,0,0
1,DB00928,0,0,1,Azacitidine,0,NC1=NC(=O)N(C=N1)[C@@H]1O[C@H](CO)[C@@H](O)[C@H]1O,0,0
1,DB00929,0,0,0,Misoprostol,0,CCCCC(C)(O)C\C=C\[C@H]1[C@H](O)CC(=O)[C@@H]1CCCCCCC(=O)OC,0,0
1,DB00931,0,0,1,Metacycline,0,[H][C@@]12[C@@H](O)[C@]3([H])C(=C)C4=C(C(O)=CC=C4)C(=O)C3=C(O)[C@]1(O)C(=O)C(C(N)=O)=C(O)[C@H]2N(C)C,0,0
1,DB00932,0,0,1,Tipranavir,0,[H][C@@](CC)(C1=CC(NS(=O)(=O)C2=NC=C(C=C2)C(F)(F)F)=CC=C1)C1=C(O)C[C@@](CCC)(CCC2=CC=CC=C2)OC1=O,0,0
1,DB00933,0,0,1,Mesoridazine,0,CN1CCCCC1CCN1C2=C(SC3=C1C=C(C=C3)S(C)=O)C=CC=C2,0,0
1,DB00934,0,0,1,Maprotiline,0,CNCCCC12CCC(C3=CC=CC=C13)C1=CC=CC=C21,0,0
1,DB00935,0,0,1,Oxymetazoline,0,CC1=CC(=C(O)C(C)=C1CC1=NCCN1)C(C)(C)C,0,0
1,DB00936,0,0,1,Salicylic acid,0,OC(=O)C1=CC=CC=C1O,1,0
1,DB00937,0,1,0,Diethylpropion,0,CCN(CC)C(C)C(=O)C1=CC=CC=C1,0,0
1,DB00938,0,0,0,Salmeterol,0,OCC1=C(O)C=CC(=C1)C(O)CNCCCCCCOCCCCC1=CC=CC=C1,0,0
1,DB00939,0,0,0,Meclofenamic acid,0,CC1=C(Cl)C(NC2=CC=CC=C2C(O)=O)=C(Cl)C=C1,1,0
1,DB00940,0,0,1,Methantheline,0,CC[N+](C)(CC)CCOC(=O)C1C2=CC=CC=C2OC2=CC=CC=C12,0,0
1,DB00941,0,0,0,Hexafluronium,0,C[N+](C)(CCCCCC[N+](C)(C)C1C2=C(C=CC=C2)C2=C1C=CC=C2)C1C2=C(C=CC=C2)C2=C1C=CC=C2,0,0
1,DB00942,0,0,0,Cycrimine,0,OC(CCN1CCCCC1)(C1CCCC1)C1=CC=CC=C1,0,0
1,DB00943,0,0,1,Zalcitabine,0,NC1=NC(=O)N(C=C1)[C@H]1CC[C@@H](CO)O1,0,0
1,DB00944,0,0,0,Demecarium,0,CN(CCCCCCCCCCN(C)C(=O)OC1=CC=CC(=C1)[N+](C)(C)C)C(=O)OC1=CC=CC(=C1)[N+](C)(C)C,0,0
1,DB00945,0,0,0,Acetylsalicylic acid,0,CC(=O)OC1=CC=CC=C1C(O)=O,1,0
1,DB00946,0,0,1,Phenprocoumon,0,CCC(C1=CC=CC=C1)C1=C(O)C2=C(OC1=O)C=CC=C2,0,0
1,DB00947,0,0,1,Fulvestrant,0,[H][C@@]12CC[C@H](O)[C@@]1(C)CC[C@]1([H])C3=CC=C(O)C=C3C[C@@H](CCCCCCCCCS(=O)CCCC(F)(F)C(F)(F)F)[C@@]21[H],0,0
1,DB00948,0,0,1,Mezlocillin,0,[H][C@]12SC(C)(C)[C@@H](N1C(=O)[C@H]2NC(=O)[C@H](NC(=O)N1CCN(C1=O)S(C)(=O)=O)C1=CC=CC=C1)C(O)=O,0,0
1,DB00949,0,0,0,Felbamate,0,NC(=O)OCC(COC(N)=O)C1=CC=CC=C1,0,0
1,DB00950,0,0,1,Fexofenadine,0,CC(C)(C(O)=O)C1=CC=C(C=C1)C(O)CCCN1CCC(CC1)C(O)(C1=CC=CC=C1)C1=CC=CC=C1,0,0
1,DB00951,0,0,1,Isoniazid,0,NNC(=O)C1=CC=NC=C1,0,0
1,DB00952,0,0,1,Naratriptan,0,CNS(=O)(=O)CCC1=CC2=C(NC=C2C2CCN(C)CC2)C=C1,0,0
1,DB00953,0,0,0,Rizatriptan,0,CN(C)CCC1=CNC2=C1C=C(CN1C=NC=N1)C=C2,0,0
0,DB00954,1,0,0,Dirithromycin,0,CC[C@H]1OC(=O)[C@H](C)[C@@H](O[C@H]2C[C@@](C)(OC)[C@@H](O)[C@H](C)O2)[C@H](C)[C@@H](O[C@@H]2O[C@H](C)C[C@@H]([C@H]2O)N(C)C)[C@](C)(O)C[C@@H](C)[C@@H]2N[C@@H](COCCOC)O[C@H]([C@H]2C)[C@]1(C)O,0,0
1,DB00955,0,0,1,Netilmicin,0,CCN[C@@H]1C[C@H](N)[C@@H](O[C@H]2OC(CN)=CC[C@H]2N)[C@H](O)[C@H]1O[C@H]1OC[C@](C)(O)[C@H](NC)[C@H]1O,0,0
1,DB00956,0,1,1,Hydrocodone,0,[H][C@@]12OC3=C(OC)C=CC4=C3[C@@]11CCN(C)[C@]([H])(C4)[C@]1([H])CCC2=O,0,0
1,DB00957,0,0,1,Norgestimate,0,[H][C@@]12CC[C@@](OC(C)=O)(C#C)[C@@]1(CC)CC[C@]1([H])[C@@]3([H])CC\C(C=C3CC[C@@]21[H])=N/O,0,0
1,DB00958,0,0,0,Carboplatin,0,[H][N]([H])([H])[Pt]1(OC(=O)C2(CCC2)C(=O)O1)[N]([H])([H])[H],0,0
1,DB00959,0,0,0,Methylprednisolone,0,[H][C@@]12CC[C@](O)(C(=O)CO)[C@@]1(C)C[C@H](O)[C@@]1([H])[C@@]2([H])C[C@H](C)C2=CC(=O)C=C[C@]12C,1,0
1,DB00960,0,0,1,Pindolol,0,CC(C)NCC(O)COC1=CC=CC2=C1C=CN2,0,0
1,DB00961,0,0,0,Mepivacaine,0,CN1CCCCC1C(=O)NC1=C(C)C=CC=C1C,1,0
1,DB00962,0,1,1,Zaleplon,0,CCN(C(C)=O)C1=CC=CC(=C1)C1=CC=NC2=C(C=NN12)C#N,0,0
1,DB00963,0,0,0,Bromfenac,0,NC1=C(CC(O)=O)C=CC=C1C(=O)C1=CC=C(Br)C=C1,0,0
1,DB00964,0,0,0,Apraclonidine,0,NC1=CC(Cl)=C(NC2=NCCN2)C(Cl)=C1,0,0
1,DB00966,0,0,1,Telmisartan,0,CCCC1=NC2=C(C=C(C=C2C)C2=NC3=CC=CC=C3N2C)N1CC1=CC=C(C=C1)C1=CC=CC=C1C(O)=O,0,0
1,DB00967,0,0,1,Desloratadine,0,ClC1=CC2=C(C=C1)C(=C1CCNCC1)C1=C(CC2)C=CC=N1,0,0
1,DB00968,0,0,0,Methyldopa,0,C[C@](N)(CC1=CC=C(O)C(O)=C1)C(O)=O,0,0
1,DB00969,0,0,0,Alosetron,0,CN1C2=C(C3=CC=CC=C13)C(=O)N(CC1=C(C)NC=N1)CC2,0,1
1,DB00970,0,0,1,Dactinomycin,0,[H][C@@]12CCCN1C(=O)[C@H](NC(=O)[C@@H](NC(=O)C1=C3N=C4C(OC3=C(C)C=C1)=C(C)C(=O)C(N)=C4C(=O)N[C@H]1[C@@H](C)OC(=O)[C@H](C(C)C)N(C)C(=O)CN(C)C(=O)[C@]3([H])CCCN3C(=O)[C@H](NC1=O)C(C)C)[C@@H](C)OC(=O)[C@H](C(C)C)N(C)C(=O)CN(C)C2=O)C(C)C,0,0
1,DB00971,0,0,0,Selenium Sulfide,0,S=[Se]=S,0,0
1,DB00972,0,0,0,Azelastine,0,CN1CCCC(CC1)N1N=C(CC2=CC=C(Cl)C=C2)C2=CC=CC=C2C1=O,0,0
1,DB00973,0,0,0,Ezetimibe,0,O[C@@H](CC[C@@H]1[C@H](N(C1=O)C1=CC=C(F)C=C1)C1=CC=C(O)C=C1)C1=CC=C(F)C=C1,0,0
1,DB00974,0,0,0,Edetic Acid,0,OC(=O)CN(CCN(CC(O)=O)CC(O)=O)CC(O)=O,1,0
1,DB00975,0,0,0,Dipyridamole,0,OCCN(CCO)C1=NC2=C(N=C(N=C2N2CCCCC2)N(CCO)CCO)C(=N1)N1CCCCC1,0,0
1,DB00976,0,0,0,Telithromycin,0,[H][C@@]12[C@@H](C)C(=O)[C@H](C)C[C@@](C)(OC)[C@H](O[C@@H]3O[C@H](C)C[C@@H]([C@H]3O)N(C)C)[C@@H](C)C(=O)[C@@H](C)C(=O)O[C@H](CC)[C@@]1(C)OC(=O)N2CCCCN1C=NC(=C1)C1=CC=CN=C1,0,0
1,DB00977,0,0,0,Ethinylestradiol,0,[H][C@@]12CC[C@@](O)(C#C)[C@@]1(C)CC[C@]1([H])C3=C(CC[C@@]21[H])C=C(O)C=C3,0,0
1,DB00978,0,0,1,Lomefloxacin,0,CCN1C=C(C(O)=O)C(=O)C2=CC(F)=C(N3CCNC(C)C3)C(F)=C12,0,0
1,DB00979,0,0,0,Cyclopentolate,0,CN(C)CCOC(=O)C(C1=CC=CC=C1)C1(O)CCCC1,0,0
1,DB00980,0,0,1,Ramelteon,0,CCC(=O)NCC[C@@H]1CCC2=C1C1=C(OCC1)C=C2,0,0
1,DB00981,0,0,1,Physostigmine,0,[H][C@]12N(C)CC[C@@]1(C)C1=C(C=CC(OC(=O)NC)=C1)N2C,0,0
1,DB00982,0,0,0,Isotretinoin,0,C\C(\C=C\C1=C(C)CCCC1(C)C)=C/C=C/C(/C)=C\C(O)=O,0,0
1,DB00983,0,0,1,Formoterol,0,COC1=CC=C(CC(C)NCC(O)C2=CC(NC=O)=C(O)C=C2)C=C1,0,0
1,DB00984,0,1,1,Nandrolone phenpropionate,0,[H][C@@]12CC[C@H](OC(=O)CCC3=CC=CC=C3)[C@@]1(C)CC[C@]1([H])[C@@]3([H])CCC(=O)C=C3CC[C@@]21[H],0,0
1,DB00985,0,0,0,Dimenhydrinate,0,CN1C2=C([N-]C(Cl)=N2)C(=O)N(C)C1=O.C[NH+](C)CCOC(C1=CC=CC=C1)C1=CC=CC=C1,0,0
1,DB00986,0,0,1,Glycopyrronium,0,C[N+]1(C)CCC(C1)OC(=O)C(O)(C1CCCC1)C1=CC=CC=C1,1,0
1,DB00987,0,0,1,Cytarabine,0,NC1=NC(=O)N(C=C1)[C@@H]1O[C@H](CO)[C@@H](O)[C@@H]1O,0,0
1,DB00988,0,0,0,Dopamine,0,NCCC1=CC(O)=C(O)C=C1,0,0
1,DB00989,0,0,1,Rivastigmine,0,CCN(C)C(=O)OC1=CC=CC(=C1)[C@H](C)N(C)C,0,0
1,DB00990,0,0,1,Exemestane,0,[H][C@@]12CCC(=O)[C@@]1(C)CC[C@@]1([H])[C@@]2([H])CC(=C)C2=CC(=O)C=C[C@]12C,0,0
1,DB00991,0,0,0,Oxaprozin,0,OC(=O)CCC1=NC(=C(O1)C1=CC=CC=C1)C1=CC=CC=C1,0,0
1,DB00992,0,0,1,Methyl aminolevulinate,0,COC(=O)CCC(=O)CN,0,0
1,DB00993,0,0,0,Azathioprine,0,CN1C=NC(=C1SC1=NC=NC2=C1NC=N2)[N+]([O-])=O,0,0
1,DB00995,0,0,1,Auranofin,0,CC[P+](CC)(CC)[Au-]S[C@@H]1O[C@H](COC(C)=O)[C@@H](OC(C)=O)[C@H](OC(C)=O)[C@H]1OC(C)=O,0,0
1,DB00996,0,0,1,Gabapentin,0,NCC1(CC(O)=O)CCCCC1,0,0
1,DB00997,0,0,1,Doxorubicin,0,COC1=CC=CC2=C1C(=O)C1=C(O)C3=C(C[C@](O)(C[C@@H]3O[C@H]3C[C@H](N)[C@H](O)[C@H](C)O3)C(=O)CO)C(O)=C1C2=O,0,0
1,DB00998,0,0,1,Frovatriptan,0,CN[C@@H]1CCC2=C(C1)C1=C(N2)C=CC(=C1)C(N)=O,0,0
1,DB00999,0,0,0,Hydrochlorothiazide,0,NS(=O)(=O)C1=C(Cl)C=C2NCNS(=O)(=O)C2=C1,1,0
1,DB01000,0,0,0,Cyclacillin,0,[H][C@]12SC(C)(C)[C@@H](N1C(=O)[C@H]2NC(=O)C1(N)CCCCC1)C(O)=O,0,0
1,DB01001,0,0,0,Salbutamol,0,CC(C)(C)NCC(O)C1=CC(CO)=C(O)C=C1,1,0
1,DB01002,0,0,1,Levobupivacaine,0,CCCCN1CCCC[C@H]1C(=O)NC1=C(C)C=CC=C1C,0,0
1,DB01003,0,0,0,Cromoglicic acid,0,OC(COC1=CC=CC2=C1C(=O)C=C(O2)C(O)=O)COC1=CC=CC2=C1C(=O)C=C(O2)C(O)=O,0,0
1,DB01004,0,0,1,Ganciclovir,0,NC1=NC2=C(N=CN2COC(CO)CO)C(=O)N1,0,0
1,DB01005,0,0,0,Hydroxyurea,0,NC(=O)NO,0,0
1,DB01006,0,0,1,Letrozole,0,N#CC1=CC=C(C=C1)C(N1C=NC=N1)C1=CC=C(C=C1)C#N,0,0
1,DB01007,0,0,0,Tioconazole,0,ClC1=C(COC(CN2C=CN=C2)C2=C(Cl)C=C(Cl)C=C2)C=CS1,0,0
1,DB01008,0,0,1,Busulfan,0,CS(=O)(=O)OCCCCOS(C)(=O)=O,0,0
1,DB01009,0,0,0,Ketoprofen,0,CC(C(O)=O)C1=CC(=CC=C1)C(=O)C1=CC=CC=C1,1,0
1,DB01010,0,0,0,Edrophonium,0,CC[N+](C)(C)C1=CC(O)=CC=C1,0,0
1,DB01011,0,0,1,Metyrapone,0,CC(C)(C(=O)C1=CN=CC=C1)C1=CC=CN=C1,0,0
1,DB01012,0,0,0,Cinacalcet,0,C[C@@H](NCCCC1=CC(=CC=C1)C(F)(F)F)C1=CC=CC2=CC=CC=C12,0,0
1,DB01013,0,0,0,Clobetasol propionate,0,[H][C@@]12C[C@H](C)[C@](OC(=O)CC)(C(=O)CCl)[C@@]1(C)C[C@H](O)[C@@]1(F)[C@@]2([H])CCC2=CC(=O)C=C[C@]12C,0,0
1,DB01014,0,0,1,Balsalazide,0,OC(=O)CCNC(=O)C1=CC=C(C=C1)\N=N\C1=CC=C(O)C(=C1)C(O)=O,0,0
1,DB01015,0,0,0,Sulfamethoxazole,0,CC1=CC(NS(=O)(=O)C2=CC=C(N)C=C2)=NO1,0,0
1,DB01016,0,0,0,Glyburide,0,COC1=C(C=C(Cl)C=C1)C(=O)NCCC1=CC=C(C=C1)S(=O)(=O)NC(=O)NC1CCCCC1,0,0
1,DB01017,0,0,1,Minocycline,0,[H][C@@]12CC3=C(C(O)=CC=C3N(C)C)C(=O)C1=C(O)[C@]1(O)C(=O)C(C(N)=O)=C(O)[C@@H](N(C)C)[C@]1([H])C2,0,0
